요양기관명,시도코드명,시군구코드명,주소,위도,경도
가톨릭대학교 성빈센트병원,경기도,수원팔달구,"경기도 수원시 팔달구 중부대로 93, (지동)",37.2779747,127.0275627
가톨릭대학교인천성모병원,인천광역시,인천부평구,"인천광역시 부평구 동수로 56, (부평동)",37.4845757,126.7249647
강릉아산병원,강원도,강릉시,"강원특별자치도 강릉시 사천면 방동길 38, (사천면)",37.818178,128.8585232
강북삼성병원,서울특별시,종로구,"서울특별시 종로구 새문안로 29, (평동)",37.569203,126.9674914
건국대학교병원,서울특별시,광진구,"서울특별시 광진구 능동로 120-1, (화양동)",37.5449346,127.0713277
경북대학교병원,대구광역시,대구중구,"대구광역시 중구 동덕로 130, (삼덕동2가, 경북대학교병원)",35.8664376,128.6044603
경상국립대학교병원,경상남도,진주시,"경상남도 진주시 강남로 79, (칠암동)",35.1828995,128.0933826
경희대학교병원,서울특별시,동대문구,"서울특별시 동대문구 경희대로 23, (회기동)",37.5967122,127.0513948
계명대학교동산병원,대구광역시,대구달서구,"대구광역시 달서구 달구벌대로 1035, (신당동)",35.8552487,128.4893299
고려대학교의과대학부속구로병원,서울특별시,구로구,"서울특별시 구로구 구로동로 148, 고려대부속구로병원 (구로동)",37.4922173,126.8849478
고려대학교의과대학부속안산병원,경기도,안산단원구,"경기도 안산시 단원구 적금로 123, (고잔동)",37.319305,126.8252025
고신대학교복음병원,부산광역시,부산서구,"부산광역시 서구 감천로 262, (암남동)",35.0815997,129.0131757
단국대학교의과대학부속병원,충청남도,천안동남구,"충청남도 천안시 동남구 망향로 201,  (안서동)",36.8319085,127.1712099
대구가톨릭대학교병원,대구광역시,대구남구,"대구광역시 남구 두류공원로17길 33, (대명동)",35.8442021,128.5679873
동아대학교병원,부산광역시,부산서구,"부산광역시 서구 대신공원로 26, (동대신동3가)",35.1201678,129.0178125
부산대학교병원,부산광역시,부산서구,"부산광역시 서구 구덕로 179, (아미동1가)",35.100389,129.0191219
분당서울대학교병원,경기도,성남분당구,"경기도 성남시 분당구 구미로173번길 82, (구미동, 분당서울대학교병원)",37.3520673,127.1231772
삼성서울병원,서울특별시,강남구,"서울특별시 강남구 일원로 81, (일원동, 삼성의료원)",37.4881193,127.0849885
서울대학교병원,서울특별시,종로구,"서울특별시 종로구 대학로 101, (연건동)",37.5788356,127.0010432
순천향대학교부속부천병원,경기도,부천원미구,"경기도 부천시 원미구 조마루로 170, (중동)",37.4983912,126.7627375
아주대학교병원,경기도,수원영통구,"경기도 수원시 영통구 월드컵로 164, (원천동)",37.2800775,127.0482628
양산부산대학교병원,경상남도,양산시,"경상남도 양산시 물금읍 금오로 20, (물금읍)",35.3251513,129.0068369
연세대학교 원주세브란스기독병원,강원도,원주시,"강원특별자치도 원주시 일산로 20-0,  (일산동)",37.3481049,127.9452476
연세대학교의과대학 강남세브란스병원,서울특별시,강남구,"서울특별시 강남구 언주로 211, 강남세브란스병원 (도곡동)",37.4925494,127.0465277
연세대학교의과대학세브란스병원,서울특별시,서대문구,"서울특별시 서대문구 연세로 50-1, (신촌동)",37.5646993,126.9394972
영남대학교병원,대구광역시,대구남구,"대구광역시 남구 현충로 170, (대명동)",35.8473403,128.5854342
원광대학교병원,전라북도,익산시,"전북특별자치도 익산시 무왕로 895, (신동)",35.9678372,126.9580954
의료법인 길의료재단 길병원,인천광역시,인천남동구,"인천광역시 남동구 남동대로774번길 21-0, 의료법인길의료재단길병원",37.45183470000001,126.7092631
이화여자대학교의과대학부속목동병원,서울특별시,양천구,"서울특별시 양천구 안양천로 1071, (목동)",37.5364909,126.8862688
인제대학교부산백병원,부산광역시,부산진구,"부산광역시 부산진구 복지로 75, 진사로83번길 75, 진사로83번길 81, 1층(일부), 3층 (개금동)",35.1444304,129.0207557
인하대학교의과대학부속병원,인천광역시,인천중구,"인천광역시 중구 인항로 27, (신흥동3가)",37.4586179,126.6339279
재단법인아산사회복지재단 서울아산병원,서울특별시,송파구,"서울특별시 송파구 올림픽로43길 88, 서울아산병원 (풍납동)",37.5265455,127.1081223
전남대학교병원,광주광역시,광주동구,"광주광역시 동구 제봉로 42,  (학동)",35.1417259,126.9220237
전북대학교병원,전라북도,전주덕진구,"전북특별자치도 전주시 덕진구 건지로 20,  (금암동)",35.8470078,127.14076
조선대학교병원,광주광역시,광주동구,"광주광역시 동구 필문대로 365,  (학동)",35.1390364,126.9256982
중앙대학교병원,서울특별시,동작구,"서울특별시 동작구 흑석로 102, (흑석동)",37.5070482,126.9608627
충남대학교병원,대전광역시,대전중구,"대전광역시 중구 문화로 282- , (대사동)",36.3168416,127.4161604
충북대학교병원,충청북도,청주서원구,"충청북도 청주시 서원구 1순환로 776-0, 충북대학교병원",36.6242439,127.4614993
칠곡경북대학교병원,대구광역시,대구북구,"대구광역시 북구 호국로 807, 칠곡경북대학교병원(임상실습동 1~11층 포함) (학정동)",35.9561644,128.5653029
학교법인 건양교육재단 건양대학교병원,대전광역시,대전서구,"대전광역시 서구 관저동로 158, (관저동)",36.3069266,127.3431559
학교법인 고려중앙학원 고려대학교의과대학부속병원(안암병원),서울특별시,성북구,"서울특별시 성북구 고려대로 73, 고려대병원 (안암동5가)",37.5870416,127.0265402
학교법인 울산공업학원 울산대학교병원,울산광역시,울산동구,"울산광역시 동구 대학병원로 25, 울산대학교병원 (전하동)",35.5199931,129.4289601
학교법인가톨릭학원가톨릭대학교서울성모병원,서울특별시,서초구,"서울특별시 서초구 반포대로 222, (반포동)",37.5000792,127.005247
학교법인성균관대학삼성창원병원,경상남도,창원마산회원구,"경상남도 창원시 마산회원구 팔용로 158-158, (합성동, 삼성창원병원)",35.2422558,128.5924638
한림대학교성심병원,경기도,안양동안구,"경기도 안양시 동안구 관평로170번길 22, (평촌동)",37.3915131,126.9618234
한양대학교병원,서울특별시,성동구,"서울특별시 성동구 왕십리로 222-1, (사근동)",37.5623475,127.0468637
화순전남대학교병원,전라남도,화순군,"전라남도 화순군 화순읍 서양로 322, (화순읍)",35.056264,127.0025403
(의)나사렛의료재단 나사렛국제병원,인천광역시,인천연수구,"인천광역시 연수구 먼우금로 98,  (동춘동)",37.4081406,126.6705174
(의)영문의료재단 다보스병원,경기도,용인처인구,"경기도 용인시 처인구 백옥대로1082번길 18, 다보스종합병원 (김량장동)",37.2314675,127.2113666
KS병원,광주광역시,광주광산구,"광주광역시 광산구 왕버들로 220,  (수완동)",35.1981831,126.8329037
가톨릭관동대학교 국제성모병원,인천광역시,인천서구,"인천광역시 서구 심곡로100번길 25-0, 인천국제성모병원",37.5423472,126.6836259
가톨릭대학교 여의도성모병원,서울특별시,영등포구,"서울특별시 영등포구 63로 10, 여의도성모병원 (여의도동)",37.5182841,126.9367077
가톨릭대학교 은평성모병원,서울특별시,은평구,"서울특별시 은평구 통일로 1021, (진관동)",37.6335822,126.9161092
가톨릭대학교부천성모병원,경기도,부천원미구,"경기도 부천시 원미구 소사로 327, 가톨릭대학교 부천성모병원 (소사동)",37.4870307,126.7923894
가톨릭대학교의정부성모병원,경기도,의정부시,"경기도 의정부시 천보로 271, 의정부성모병원 (금오동)",37.7585957,127.0777141
강남병원,경기도,용인기흥구,"경기도 용인시 기흥구 중부대로 411, 강남병원 (신갈동)",37.2735355,127.1113393
강동경희대학교의대병원,서울특별시,강동구,"서울특별시 강동구 동남로 892, (상일동)",37.5511028,127.1696401
강원대학교병원,강원도,춘천시,"강원특별자치도 춘천시 백령로 156- , (효자동)",37.8749245,127.7445472
강원특별자치도강릉의료원,강원도,강릉시,"강원특별자치도 강릉시 경강로 2007, 강원특별자치도강릉의료원 (남문동)",37.7492664,128.8887254
강원특별자치도삼척의료원,강원도,삼척시,"강원특별자치도 삼척시 오십천로 418-0, 삼척의료원",37.4403025,129.1636663
강원특별자치도속초의료원,강원도,속초시,"강원특별자치도 속초시 영랑호반길 3, (영랑동)",38.2164977,128.5888636
강원특별자치도영월의료원,강원도,영월군,"강원특별자치도 영월군 영월읍 중앙1로 59, (영월읍)",37.1865137,128.4651117
강원특별자치도원주의료원,강원도,원주시,"강원특별자치도 원주시 서원대로 387, 강원도원주의료원 (개운동)",37.3328468,127.9489015
강일병원,경상남도,김해시,"경상남도 김해시 가락로 359, (구산동)",35.2562727,128.8699098
건국대학교 충주병원,충청북도,충주시,"충청북도 충주시 국원대로 82-0, 건국대학교충주병원",36.9789275,127.9286346
검단탑병원,인천광역시,인천서구,"인천광역시 서구 청마로19번길 5- , (당하동)",37.5925198,126.6711061
경기도의료원 수원병원,경기도,수원장안구,"경기도 수원시 장안구 수성로245번길 69, (정자동)",37.2919882,126.9964018
경기도의료원 안성병원,경기도,안성시,"경기도 안성시 남파로 95, 경기도의료원 안성병원 (당왕동)",37.017237,127.2604149
경기도의료원 이천병원,경기도,이천시,"경기도 이천시 경충대로 2742, (관고동)",37.2826974,127.4329366
경기도의료원의정부병원,경기도,의정부시,"경기도 의정부시 흥선로 142, (의정부동)",37.7411208,127.0424879
경기도의료원파주병원,경기도,파주시,"경기도 파주시 중앙로 207, 경기도립의료원파주병원 (금촌동)",37.7548246,126.7797228
경기도의료원포천병원,경기도,포천시,"경기도 포천시 포천로 1648, (신읍동)",37.9031442,127.197413
경상남도마산의료원,경상남도,창원마산합포구,"경상남도 창원시 마산합포구 3·15대로 231, (중앙동3가)",35.1984721,128.5680406
경상북도김천의료원,경상북도,김천시,"경상북도 김천시 모암길 24,  (모암동)",36.1224526,128.1266775
경찰병원,서울특별시,송파구,"서울특별시 송파구 송이로 123, 국립경찰병원 (가락동)",37.4960568,127.1234223
계명대학교대구동산병원,대구광역시,대구중구,"대구광역시 중구 달성로 56, 계명대학교대구동산병원 (동산동)",35.8687011,128.5834786
곽병원,대구광역시,대구중구,"대구광역시 중구 국채보상로 531, (수동)",35.868753,128.5895829
광명성애병원,경기도,광명시,"경기도 광명시 디지털로 36, 광명성애병원 (철산동)",37.473461,126.871844
광양사랑병원,전라남도,광양시,"전라남도 광양시 공영로 71,  (중동)",34.9361629,127.6969919
광주기독병원,광주광역시,광주남구,"광주광역시 남구 양림로 37,  (양림동)",35.1366889,126.9120838
광주병원,광주광역시,광주북구,"광주광역시 북구 면앙로139번길 51, (두암동)",35.178873,126.9281686
광주보훈병원,광주광역시,광주광산구,"광주광역시 광산구 첨단월봉로 99,  (산월동)",35.2077914,126.8494861
광주센트럴병원,광주광역시,광주광산구,"광주광역시 광산구 수완로 6-0,  A,B,C동 (신가동)",35.1857062,126.8294481
광주씨티병원,광주광역시,광주남구,"광주광역시 남구 서문대로654번길 5,  (진월동)",35.1177269,126.8994334
광주일곡병원,광주광역시,광주북구,"광주광역시 북구 양일로 309,  (일곡동)",35.2028607,126.8976097
광주한국병원,광주광역시,광주서구,"광주광역시 서구 월드컵4강로 223,  (쌍촌동)",35.1560803,126.8684485
광주현대병원,광주광역시,광주북구,"광주광역시 북구 설죽로 291,  (용봉동)",35.1856552,126.8979835
광주희망병원,광주광역시,광주북구,"광주광역시 북구 하서로 429,  (용두동)",35.2167409,126.8728156
구미강동병원,경상북도,구미시,"경상북도 구미시 인동20길 46,  (진평동)",36.0960566,128.4230068
국군수도병원,경기도,성남분당구,"경기도 성남시 분당구 새마을로177번길 81, (율동)",37.3923728,127.149075
국립암센터,경기도,고양일산동구,"경기도 고양시 일산동구 일산로 323, (마두동)",37.6591262,126.78344
국립중앙의료원,서울특별시,중구,"서울특별시 중구 을지로 245, (을지로6가)",37.5677844,127.0068849
국민건강보험공단일산병원,경기도,고양일산동구,"경기도 고양시 일산동구 일산로 100, (백석동,백석1동 1241외1필지 4층)",37.645585,126.7928124
근로복지공단안산병원,경기도,안산상록구,"경기도 안산시 상록구 구룡로 87, 근로복지공단안산병원 (일동)",37.3168813,126.8741616
근로복지공단인천병원,인천광역시,인천부평구,"인천광역시 부평구 무네미로 446- , (구산동)",37.4762248,126.7538908
기쁨병원,서울특별시,서초구,"서울특별시 서초구 서초중앙로 4, 기쁨병원 (서초동)",37.4826527,127.0180446
나사렛종합병원,대구광역시,대구달서구,"대구광역시 달서구 월배로 97, 나사렛병원 (진천동)",35.814515,128.525249
노원을지대학교병원,서울특별시,노원구,"서울특별시 노원구 한글비석로 68, 을지병원 (하계동)",37.6363293,127.0697068
녹색병원,서울특별시,중랑구,"서울특별시 중랑구 사가정로49길 53, (면목동)",37.5835428,127.0862135
뉴대성병원,경기도,부천원미구,"경기도 부천시 원미구 부천로 91, ,부흥로373번길18, 부흥로377(기존디에스병원A동) (심곡동)",37.4921883,126.7838653
당진종합병원,충청남도,당진시,"충청남도 당진시 반촌로 5-15,  (시곡동)",36.9043414,126.6842676
대구굿모닝병원,대구광역시,대구남구,"대구광역시 남구 성당로 224, (대명동)",35.8529997,128.5741767
대구의료원,대구광역시,대구서구,"대구광역시 서구 평리로 157, (중리동)",35.8594336,128.5406504
대구파티마병원,대구광역시,대구동구,"대구광역시 동구 아양로 99, (신암동)",35.8842001,128.6240455
대동병원,부산광역시,부산동래구,"부산광역시 동래구 충렬대로 187, (명륜동)",35.2042331,129.0802217
대아의료재단한도병원,경기도,안산단원구,"경기도 안산시 단원구 선부광장로 103, (선부동)",37.3340423,126.8076183
대자인병원,전라북도,전주덕진구,"전북특별자치도 전주시 덕진구 견훤로 390, (우아동3가)",35.8459449,127.1534117
대전보훈병원,대전광역시,대전대덕구,"대전광역시 대덕구 대청로82번길 147, 147",36.4471368,127.4396862
대전한국병원,대전광역시,대전동구,"대전광역시 동구 동서대로 1672,  (성남동)",36.3483171,127.4357544
대진의료재단 분당제생병원,경기도,성남분당구,"경기도 성남시 분당구 서현로180번길 20, (서현동)",37.3881306,127.1216232
더블유병원,대구광역시,대구달서구,"대구광역시 달서구 달구벌대로 1632, (감삼동)",35.8526106,128.544912
동국대학교의과대학경주병원,경상북도,경주시,"경상북도 경주시 동대로 87,  (석장동)",35.8582405,129.1950555
동국대학교일산불교병원,경기도,고양일산동구,"경기도 고양시 일산동구 동국로 27, (식사동, 동국대학교일산병원)",37.6763892,126.806398
동남권원자력의학원,부산광역시,부산기장군,"부산광역시 기장군 장안읍 좌동길 40, (장안읍)",35.3211073,129.2438784
동래봉생병원,부산광역시,부산동래구,"부산광역시 동래구 안연로109번길 27, (안락동)",35.196895,129.0961192
드림종합병원,대구광역시,대구남구,"대구광역시 남구 대명로 153, (대명동)",35.8396131,128.5745156
명주병원,경기도,용인처인구,"경기도 용인시 처인구 금령로39번길 8-6, (김량장동)",37.2356731,127.2007782
목포기독병원,전라남도,목포시,"전라남도 목포시 백년대로 303, (상동)",34.8044367,126.4206077
미래로21병원,광주광역시,광주서구,"광주광역시 서구 화운로 1,  (화정동)",35.1410722,126.8852895
미즈메디병원,서울특별시,강서구,"서울특별시 강서구 강서로 295, (내발산동)",37.5524944,126.8333061
부민병원,서울특별시,강서구,"서울특별시 강서구 공항대로 389, 부민병원 (등촌동)",37.556895,126.850927
부산광역시의료원,부산광역시,부산연제구,"부산광역시 연제구 월드컵대로 359, (거제동, 1동, 5동일부)",35.1867155,129.0589631
부산성모병원(재단법인 천주교부산교구유지재단),부산광역시,부산남구,"부산광역시 남구 용호로232번길 25-14, (용호동)",35.1096977,129.1099546
부천세종병원,경기도,부천소사구,"경기도 부천시 소사구 호현로489번길 28, (소사본동, 세종병원)",37.4811218,126.791382
부평세림병원,인천광역시,인천부평구,"인천광역시 부평구 부평대로 175,  (청천동)",37.506795,126.7196831
비에이치에스한서병원,부산광역시,부산수영구,"부산광역시 수영구 수영로 615, (광안동)",35.1608145,129.113196
빛가람종합병원,전라남도,나주시,"전라남도 나주시 정보화길 49-0, (빛가람동)",35.0245166,126.7991747
빛고을전남대학교병원,광주광역시,광주남구,"광주광역시 남구 덕남길 80-0, 1동 (덕남동,전남대학교병원류마티스전문질환센터)",35.0951194,126.8968363
삼육부산병원,부산광역시,부산서구,"부산광역시 서구 대티로 170, (서대신동2가)",35.11192339999999,129.0108596
삼육서울병원,서울특별시,동대문구,"서울특별시 동대문구 망우로 82, (휘경동)",37.589321,127.064443
삼일병원,대구광역시,대구달서구,"대구광역시 달서구 월배로 436, 지하1,지상1~11층 (송현동)",35.8325265,128.553612
상무병원,광주광역시,광주서구,"광주광역시 서구 상무자유로 181-7, (치평동)",35.1527456,126.8538896
상주적십자병원,경상북도,상주시,"경상북도 상주시 상서문로 53,  (남성동)",36.41454340000001,128.1556158
서산중앙병원,충청남도,서산시,"충청남도 서산시 수석산업로 5- ,  (수석동)",36.7817712,126.5035057
서울산보람병원,울산광역시,울산울주군,"울산광역시 울주군 삼남읍 중평로 53, 서울산보람병원",35.5596168,129.1205746
서울성심병원,서울특별시,동대문구,"서울특별시 동대문구 왕산로 259, 서울성심병원 (청량리동)",37.5841332,127.0498423
서울적십자병원,서울특별시,종로구,"서울특별시 종로구 새문안로 9, 적십자병원 (평동)",37.5671402,126.9670566
서울특별시 동부병원,서울특별시,동대문구,"서울특별시 동대문구 무학로 124, (용두동)",37.5753425,127.031536
서울특별시보라매병원,서울특별시,동작구,"서울특별시 동작구 보라매로5길 20, (신대방동)",37.4937715,126.9242962
서울특별시서남병원,서울특별시,양천구,"서울특별시 양천구 신정이펜1로 20, (신정동)",37.5118952,126.8331574
서울특별시서울의료원,서울특별시,중랑구,"서울특별시 중랑구 신내로 156, (신내동)",37.6129812,127.0979689
성가롤로병원,전라남도,순천시,"전라남도 순천시 순광로 221,  (조례동)",34.96471,127.5431309
성남시의료원,경기도,성남수정구,"경기도 성남시 수정구 수정로171번길 10, 성남시의료원 (태평동)",37.4448723,127.138907
성남중앙병원,경기도,성남중원구,"경기도 성남시 중원구 산성대로476번길 12, (금광동)",37.4528063,127.1620752
성심의료재단강동성심병원,서울특별시,강동구,"서울특별시 강동구 성안로 150, (길동)",37.5361234,127.1352442
성애의료재단 성애병원,서울특별시,영등포구,"서울특별시 영등포구 여의대방로53길 22, (신길동, 성애병원)",37.5119571,126.9223932
세란병원,서울특별시,종로구,"서울특별시 종로구 통일로 256, (무악동)",37.575178,126.9574751
세종충남대학교병원,세종특별자치시,세종시,"세종특별자치시 보듬7로 20, 세종충남대학교병원 (도담동)",36.5195969,127.2581135
순천의료재단 성남정병원,경기도,성남수정구,"경기도 성남시 수정구 수정로 76, 지하3~10층 (수진동)",37.4398562,127.1290015
순천중앙병원,전라남도,순천시,"전라남도 순천시 장명로 5,  (장천동)",34.9512455,127.4843686
순천향대학교 부속 구미병원,경상북도,구미시,"경상북도 구미시 1공단로 179,  (공단동)",36.1029197,128.3826798
순천향대학교 부속 서울병원,서울특별시,용산구,"서울특별시 용산구 대사관로 59, (한남동)",37.5337071,127.0043068
순천향대학교부속 천안병원,충청남도,천안동남구,"충청남도 천안시 동남구 순천향6길 31,  5동 (봉명동,순천향대학교병원)",36.8025927,127.1357093
아산충무병원,충청남도,아산시,"충청남도 아산시 문화로 381,  (모종동)",36.7832862,127.0223573
안동성소병원,경상북도,안동시,"경상북도 안동시 서동문로 99,  (금곡동)",36.5692336,128.7210497
여수전남병원,전라남도,여수시,"전라남도 여수시 좌수영로 49,  (광무동)",34.7468482,127.7271777
여천전남병원,전라남도,여수시,"전라남도 여수시 무선로 95,  (선원동)",34.769622,127.6540326
연세대학교 의과대학 용인세브란스병원,경기도,용인기흥구,"경기도 용인시 기흥구 동백죽전대로 363, (중동)",37.2687633,127.1583795
연세에스병원,경상남도,창원진해구,"경상남도 창원시 진해구 해원로32번길 13, (이동)",35.1547105,128.6983317
영광종합병원,전라남도,영광군,"전라남도 영광군 영광읍 와룡로 3, (영광읍)",35.2843259,126.4992981
영남대학교의과대학부속영천병원,경상북도,영천시,"경상북도 영천시 오수1길 10, (오수동)",35.9573831,128.9134566
영도병원,부산광역시,부산영도구,"부산광역시 영도구 태종로 85, (대교동2가)",35.09168320000001,129.0410036
영주적십자병원,경상북도,영주시,"경상북도 영주시 대학로 327-0, 영주적십자병원",36.8252312,128.604632
오산한국병원,경기도,오산시,"경기도 오산시 밀머리로1번길 16, (원동)",37.1412009,127.0752589
운암한국병원,광주광역시,광주북구,"광주광역시 북구 북문대로 191,  (운암동)",35.1850968,126.8697433
울산병원,울산광역시,울산남구,"울산광역시 남구 월평로171번길 13, (신정동)",35.546369,129.3227021
울산엘리야병원,울산광역시,울산북구,"울산광역시 북구 호계로 285, (호계동)",35.6288232,129.3505763
원광대학교 산본병원,경기도,군포시,"경기도 군포시 산본로 321, (산본동)",37.3594155,126.9336153
의료법인 강릉동인병원,강원도,강릉시,"강원특별자치도 강릉시 강릉대로419번길 42-0,  (포남동)",37.77354649999999,128.9080466
의료법인 거붕 백병원,경상남도,거제시,"경상남도 거제시 계룡로5길 14, (상동동)",34.8732759,128.6264394
의료법인 건명의료재단 중앙제일병원,충청북도,진천군,"충청북도 진천군 진천읍 중앙북로 36-0, 진천성모병원",36.8585379,127.4403937
의료법인 광혜의료재단 광혜병원,부산광역시,부산동래구,"부산광역시 동래구 충렬대로 96, (온천동, 광혜병원)",35.2069135,129.0711346
의료법인 근원의료재단 경산중앙병원,경상북도,경산시,"경상북도 경산시 경안로 11,  (백천동)",35.8083614,128.7422388
의료법인 남촌의료재단 시화병원,경기도,시흥시,"경기도 시흥시 군자천로 381, 시화병원 (정왕동)",37.3500239,126.7368962
의료법인 녹산의료재단동수원병원,경기도,수원팔달구,"경기도 수원시 팔달구 중부대로 165, (우만동)",37.2786501,127.0338866
의료법인 대우의료재단대우병원,경상남도,거제시,"경상남도 거제시 두모길 16-16, (두모동)",34.8718635,128.7221839
의료법인 동강의료재단 동강병원,울산광역시,울산중구,"울산광역시 중구 태화로 239, (태화동)",35.5534082,129.3019431
의료법인 동강의료재단 동천동강병원,울산광역시,울산중구,"울산광역시 중구 외솔큰길 215, (남외동, 동천동강병원)",35.568577,129.350513
의료법인 동해동인병원,강원도,동해시,"강원특별자치도 동해시 하평로 26, (평릉동)",37.5300551,129.1073958
의료법인 록향의료재단 신천연합병원,경기도,시흥시,"경기도 시흥시 복지로 57, 복지로 61, 2층 (대야동)",37.4445452,126.7893846
의료법인 명인의료재단 화홍병원,경기도,수원권선구,"경기도 수원시 권선구 호매실로90번길 98, (호매실동)",37.2601464,126.9637259
의료법인 명지의료재단 명지병원,충청북도,제천시,"충청북도 제천시 내토로 991-0, 의료법인명지의료재단명지병원",37.1633515,128.2339864
의료법인 박애의료재단 박애병원,경기도,평택시,"경기도 평택시 평택2로20번길 3, (평택동)",36.9931207,127.0889877
의료법인 백제병원,충청남도,논산시,"충청남도 논산시 시민로294번길 14,  (취암동)",36.192404,127.0943878
의료법인 서명의료재단 세명병원,경상북도,경산시,"경상북도 경산시 경안로 208, (중방동)",35.8265616,128.7372945
의료법인 석경의료재단 센트럴병원,경기도,시흥시,"경기도 시흥시 공단1대로 237, (정왕동, 센트럴 병원)",37.336864,126.7280003
의료법인 성념의료재단맑은샘병원,경상남도,거제시,"경상남도 거제시 연초면 거제대로 4477, (연초면)",34.8976967,128.6436134
의료법인 센텀의료재단 센텀종합병원,부산광역시,부산수영구,"부산광역시 수영구 수영로679번길 8, (광안동)",35.166804,129.1144004
의료법인 송은의료재단 울산시티병원,울산광역시,울산북구,"울산광역시 북구 산업로 1007, (연암동)",35.5813267,129.3625526
의료법인 양진의료재단 평택성모병원,경기도,평택시,"경기도 평택시 평택로 284, (세교동)",37.0083963,127.074141
의료법인 영서의료재단 천안충무병원,충청남도,천안서북구,"충청남도 천안시 서북구 다가말3길 8,  (쌍용동)",36.7974752,127.1316312
의료법인 영제 의료재단 엔케이세종병원,세종특별자치시,세종시,"세종특별자치시 한누리대로 161, 세종시 NK리움힐 상가 1~8층 (나성동)",36.4795753,127.2622042
의료법인 영훈의료재단 대전선병원,대전광역시,대전중구,"대전광역시 중구 목중로 29, (목동)",36.3359973,127.4101482
의료법인 온그룹의료재단 온종합병원,부산광역시,부산진구,"부산광역시 부산진구 가야대로 719, 767, 721, 본관 지하3~5층, 본관 6~11층 전부, 본관 12층 일부, 본관 13~14층 전부, (당감동)",35.1576679,129.0500572
의료법인 우범의료재단 장흥종합병원,전라남도,장흥군,"전라남도 장흥군 장흥읍 흥성로 74, 74",34.6770509,126.9109348
의료법인 은성의료재단 좋은강안병원,부산광역시,부산수영구,"부산광역시 수영구 수영로 493, (남천동)",35.15019210000001,129.1105517
의료법인 은성의료재단 좋은삼정병원,울산광역시,울산남구,"울산광역시 남구 북부순환도로 51, (무거동)",35.5528857,129.2689458
의료법인 은혜와감사의료재단 화성중앙종합병원,경기도,화성시,"경기도 화성시 향남읍 발안로 5, (향남읍)",37.1313518,126.9108729
의료법인 인당의료재단 부민병원,부산광역시,부산북구,"부산광역시 북구 만덕대로 59, (덕천동)",35.2118661,129.0112476
의료법인 인당의료재단 해운대부민병원,부산광역시,부산해운대구,"부산광역시 해운대구 해운대로 584, (우동)",35.1614125,129.1556833
의료법인 인천사랑병원,인천광역시,인천미추홀구,"인천광역시 미추홀구 미추홀대로 726-0, 인천사랑병원",37.4622244,126.6806211
의료법인 인화재단 한국병원,충청북도,청주상당구,"충청북도 청주시 상당구 단재로 106, (영운동)",36.6175057,127.4992394
의료법인 일심의료재단 포천우리병원,경기도,포천시,"경기도 포천시 소흘읍 호국로 661, 661",37.8274135,127.147912
의료법인 자산의료재단 제천서울병원,충청북도,제천시,"충청북도 제천시 숭문로 57-0, 서울병원",37.1385539,128.2070016
의료법인 정산의료재단 효성병원,충청북도,청주상당구,"충청북도 청주시 상당구 쇠내로 16-0, 효성병원",36.6244467,127.4955285
의료법인 정안의료재단 중앙병원,울산광역시,울산남구,"울산광역시 남구 문수로 472, 중앙병원 (신정동)",35.532084,129.3049987
의료법인 중앙의료재단 중앙병원,제주특별자치도,제주시,"제주특별자치도 제주시 월랑로 91-0, 중앙병원",33.4922592,126.470738
의료법인 청구성심병원,서울특별시,은평구,"서울특별시 은평구 통일로 873, (갈현동)",37.621541,126.913578
의료법인 플러스의료재단 단원병원,경기도,안산단원구,"경기도 안산시 단원구 원포공원1로 20, 동의성단원병원 (초지동)",37.300218,126.8132508
의료법인 행도의료재단 해동병원,부산광역시,부산영도구,"부산광역시 영도구 태종로 133, (봉래동3가)",35.0944702,129.0443361
의료법인 혜인의료재단 한국병원,제주특별자치도,제주시,"제주특별자치도 제주시 서광로 193, (삼도일동)",33.5003973,126.5167396
의료법인갑을의료재단 갑을장유병원,경상남도,김해시,"경상남도 김해시 장유로 167-13, (부곡동)",35.20863490000001,128.8056142
의료법인거명의료재단 영광기독병원,전라남도,영광군,"전라남도 영광군 영광읍 신남로 265, (영광읍)",35.274942,126.5109103
의료법인대인의료재단 다니엘종합병원,경기도,부천원미구,"경기도 부천시 원미구 중동로 361, 다니엘종합병원 (약대동)",37.5122452,126.7694774
의료법인덕산의료재단김천제일병원,경상북도,김천시,"경상북도 김천시 신음1길 12,  (신음동)",36.1354806,128.1190037
의료법인동춘의료재단문경제일병원,경상북도,문경시,"경상북도 문경시 당교3길 25,  (모전동)",36.5847071,128.189277
의료법인루가의료재단 나은병원,인천광역시,인천서구,"인천광역시 서구 원적로 23- , 23",37.4892505,126.6797544
의료법인명지의료재단명지병원,경기도,고양덕양구,"경기도 고양시 덕양구 화수로14번길 55, (화정동)",37.6426515,126.8300043
의료법인목포구암의료재단 목포중앙병원,전라남도,목포시,"전라남도 목포시 영산로 623,  (석현동)",34.8213865,126.4223997
의료법인백송의료재단 굿모닝병원,경기도,평택시,"경기도 평택시 중앙로 338, (합정동)",36.9906242,127.1205242
의료법인서울효천의료재단 에이치플러스양지병원,서울특별시,관악구,"서울특별시 관악구 남부순환로 1636, 양지병원 (신림동)",37.48413,126.9325195
의료법인석천재단고창병원,전라북도,고창군,"전북특별자치도 고창군 고창읍 화신1길 9, (고창읍)",35.4363539,126.6932956
의료법인성광의료재단일산차병원,경기도,고양일산동구,"경기도 고양시 일산동구 중앙로 1205, 지하1층(일부),지하2층,지하4층(일부),1층(일부),2층(일부),3층(일부),4~5층,6층(일부), 7~10층 (장항동)",37.6542154,126.7759541
의료법인숭인의료재단 김해복음병원,경상남도,김해시,"경상남도 김해시 활천로 33, (삼정동)",35.2306135,128.893201
의료법인안동병원,경상북도,안동시,"경상북도 안동시 앙실로 11,  (수상동)",36.5468232,128.7009704
의료법인영경의료재단전주병원,전라북도,전주완산구,"전북특별자치도 전주시 완산구 한두평3길 13, (중화산동2가, 전주병원)",35.8150738,127.1248037
의료법인영성의료재단 고흥종합병원,전라남도,고흥군,"전라남도 고흥군 고흥읍 고흥로 1935, (고흥읍)",34.6210938,127.2940062
의료법인영훈의료재단 유성선병원,대전광역시,대전유성구,"대전광역시 유성구 북유성대로 93, (지족동)",36.372204,127.325774
의료법인우리의료재단김포우리병원,경기도,김포시,"경기도 김포시 감암로 11, 김포우리병원 (걸포동)",37.6323493,126.7107705
의료법인은성의료재단좋은삼선병원,부산광역시,부산사상구,"부산광역시 사상구 가야대로 326, (주례동)",35.1503426,129.0082037
의료법인인봉의료재단뉴고려병원,경기도,김포시,"경기도 김포시 김포한강3로 283, 뉴고려병원 (장기동)",37.6409053,126.6602394
의료법인정화의료재단 봉생기념병원,부산광역시,부산동구,"부산광역시 동구 중앙대로 401, (좌천동, 봉생병원)",35.131003,129.050142
의료법인청아의료재단청아병원,경상남도,창원마산회원구,"경상남도 창원시 마산회원구 내서읍 광려천서로 67, (청아병원)",35.2477999,128.5094449
의료법인칠석의료재단사랑의병원,경기도,안산상록구,"경기도 안산시 상록구 예술광장로 69, 사랑의병원(593-4번지/593-5번지) (성포동)",37.3269785,126.8447735
의료법인한국의료재단 순천한국병원,전라남도,순천시,"전라남도 순천시 우명길 42,  (연향동)",34.9477128,127.5122851
의료법인한마음의료재단 여수제일병원,전라남도,여수시,"전라남도 여수시 쌍봉로 70, (학동)",34.7630541,127.663526
의료법인한마음의료재단하나병원,충청북도,청주흥덕구,"충청북도 청주시 흥덕구 2순환로 1262-0, 하나병원",36.6234909,127.4309797
의료법인한성재단포항세명기독병원,경상북도,포항남구,"경상북도 포항시 남구 포스코대로 351,  (대도동)",36.0044562,129.3571122
의료법인한전의료재단 한일병원,서울특별시,도봉구,"서울특별시 도봉구 우이천로 308, 한일병원 (쌍문동)",37.6458568,127.0285789
의료법인합포의료재단에스엠지연세병원,경상남도,창원마산합포구,"경상남도 창원시 마산합포구 3·15대로 76, (월남동2가, 합포의료재단)",35.1860619,128.5620242
의료법인해민의료재단 세안종합병원,전라남도,목포시,"전라남도 목포시 고하대로 795-2, (연산동)",34.8168779,126.380155
의료법인행촌의료재단 해남종합병원,전라남도,해남군,"전라남도 해남군 해남읍 해남로 45, (해남읍)",34.5716889,126.6126326
의료법인현경의료재단 광양서울병원,전라남도,광양시,"전라남도 광양시 진등길 93,  (마동)",34.9572457,127.6913858
의료법인환명의료재단 조은금강병원,경상남도,김해시,"경상남도 김해시 김해대로 1814-37, (삼계동)",35.2622829,128.860814
이화여자대학교의과대학부속서울병원,서울특별시,강서구,"서울특별시 강서구 공항대로 260, 이화의대부속서울병원 (마곡동)",37.5561883,126.8358468
인제대학교 상계백병원,서울특별시,노원구,"서울특별시 노원구 동일로 1342, 상계백병원 (상계동)",37.6485082,127.0631429
인제대학교 해운대백병원,부산광역시,부산해운대구,"부산광역시 해운대구 해운대로 875, (좌동)",35.1844545,129.1742446
인제대학교일산백병원,경기도,고양일산서구,"경기도 고양시 일산서구 주화로 170, (대화동)",37.6742058,126.7505688
인천광역시의료원,인천광역시,인천동구,"인천광역시 동구 방축로 217- , 217",37.4786244,126.6686092
인천기독병원,인천광역시,인천중구,"인천광역시 중구 답동로30번길 10- , (율목동)",37.4711982,126.6319369
인천세종병원,인천광역시,인천계양구,"인천광역시 계양구 계양문화로 20- ,  (작전동)",37.5320794,126.7368315
인천힘찬종합병원,인천광역시,인천남동구,"인천광역시 남동구 논현로 72-0, 인천힘찬종합병원",37.4011296,126.7148166
재단법인 아산사회복지재단 부속 보령아산병원,충청남도,보령시,"충청남도 보령시 죽성로 136,  (죽정동)",36.3805692,126.6231779
재단법인 아산사회복지재단 정읍아산병원,전라북도,정읍시,"전북특별자치도 정읍시 충정로 606-22, (용계동)",35.5947875,126.8111249
재단법인베스티안재단베스티안병원,충청북도,청주흥덕구,"충청북도 청주시 흥덕구 오송읍 오송생명1로 191-0, (오송읍)",36.6362406,127.3216581
재단법인예수병원유지재단예수병원,전라북도,전주완산구,"전북특별자치도 전주시 완산구 서원로 365, (중화산동1가, 예수병원)",35.8141942,127.1333077
재단법인천주교부산교구유지재단 메리놀병원,부산광역시,부산중구,"부산광역시 중구 중구로 121, (대청동4가)",35.1061482,129.0298682
재단법인한호기독교선교회 일신기독병원,부산광역시,부산동구,"부산광역시 동구 정공단로 27, (좌천동)",35.1354816,129.0541035
전라남도 순천의료원,전라남도,순천시,"전라남도 순천시 서문성터길 2,  (매곡동)",34.9584096,127.4836361
전북특별자치도 군산의료원,전라북도,군산시,"전북특별자치도 군산시 의료원로 27, (지곡동, 군산의료원)",35.9547096,126.7124478
전북특별자치도 남원의료원,전라북도,남원시,"전북특별자치도 남원시 충정로 365, (고죽동)",35.4383833,127.4057713
제일병원,경상남도,진주시,"경상남도 진주시 진주대로 885, (강남동)",35.179344,128.0902007
제주대학교병원,제주특별자치도,제주시,"제주특별자치도 제주시 아란13길 15, 제주대학교병원 (아라일동)",33.4670429,126.5457559
제주특별자치도 서귀포의료원,제주특별자치도,서귀포시,"제주특별자치도 서귀포시 장수로 47- , (동홍동)",33.255901,126.5638202
제주한라병원,제주특별자치도,제주시,"제주특별자치도 제주시 도령로 65, (연동)",33.4903589,126.4849264
조은오산병원,경기도,오산시,"경기도 오산시 오산로 307, (오산동)",37.1541993,127.0681984
좋은문화병원,부산광역시,부산동구,"부산광역시 동구 범일로 119, (범일동)",35.1408913,129.05906
중앙대학교광명병원,경기도,광명시,"경기도 광명시 덕안로 110, (일직동)",37.4245107,126.8858922
차의과학대학교 강남차병원,서울특별시,강남구,"서울특별시 강남구 논현로 566, 강남차병원(역삼동650-9, 606-4, 605외2필지(지하7층~지하1층, 지상2층~7층)) (역삼동)",37.506905,127.0344844
차의과학대학교부속구미차병원,경상북도,구미시,"경상북도 구미시 신시로10길 12,  (형곡동)",36.1144655,128.3405291
차의과학대학교분당차병원,경기도,성남분당구,"경기도 성남시 분당구 야탑로 59, (야탑동)",37.4102496,127.1252498
참조은병원,경기도,광주시,"경기도 광주시 광주대로 45, (경안동)",37.4109712,127.2602023
창원경상국립대학교병원,경상남도,창원성산구,"경상남도 창원시 성산구 삼정자로 11, (성주동, 창원경상대학교병원)",35.19930040000001,128.7077653
창원파티마병원,경상남도,창원의창구,"경상남도 창원시 의창구 창이대로 45-45, (명서동)",35.2481739,128.6439587
창원한마음병원,경상남도,창원의창구,"경상남도 창원시 의창구 용동로57번길 8, (사림동)",35.2378981,128.6990459
첨단종합병원,광주광역시,광주광산구,"광주광역시 광산구 첨단중앙로170번길 59,  (쌍암동)",35.2211805,126.8451489
청주성모병원,충청북도,청주청원구,"충청북도 청주시 청원구 주성로 173-19, 청주성모병원",36.673692,127.485652
추병원,경기도,의정부시,"경기도 의정부시 평화로 650, (의정부동)",37.7497515,127.0452671
충청남도 공주의료원,충청남도,공주시,"충청남도 공주시 무령로 77,  (웅진동)",36.4634572,127.1135914
충청남도 서산의료원,충청남도,서산시,"충청남도 서산시 중앙로 149,  (석림동)",36.7720607,126.4692974
충청남도 홍성의료원,충청남도,홍성군,"충청남도 홍성군 홍성읍 조양로 224, (홍성읍)",36.5989567,126.6743638
충청북도 청주의료원,충청북도,청주서원구,"충청북도 청주시 서원구 흥덕로 48-0, 청주의료원",36.6407286,127.4734393
충청북도 충주의료원,충청북도,충주시,"충청북도 충주시 안림로 239-50, 충청북도충주의료원",36.9796989,127.97055
포항성모병원,경상북도,포항남구,"경상북도 포항시 남구 대잠동길 17,  (대잠동)",36.0165197,129.3397267
하남성심병원,광주광역시,광주광산구,"광주광역시 광산구 용아로 259,  (산정동)",35.1666305,126.8010298
학교법인 가톨릭학원 가톨릭대학교 대전성모병원,대전광역시,대전중구,"대전광역시 중구 대흥로 64, (대흥동)",36.3232247,127.4202437
학교법인 을지학원 대전을지대학교병원,대전광역시,대전서구,"대전광역시 서구 둔산서로 95, (둔산동)",36.3550668,127.3819877
학교법인 을지학원 의정부을지대학교병원,경기도,의정부시,"경기도 의정부시 동일로 712, 을지대학교 의정부캠퍼스 및 부속병원 (금오동)",37.75265539999999,127.0519847
학교법인)동의병원,부산광역시,부산진구,"부산광역시 부산진구 양정로 62, 지상2ㆍ3ㆍ10층 각 일부/ 지하1ㆍ지상1ㆍ지상4~지상8층 전층 (양정동)",35.1703119,129.077121
한국보훈복지의료공단 대구보훈병원,대구광역시,대구달서구,"대구광역시 달서구 월곡로 60, (도원동)",35.8028681,128.5521272
한국보훈복지의료공단 부산보훈병원,부산광역시,부산사상구,"부산광역시 사상구 백양대로 420, (주례동)",35.1508043,129.0027564
한국보훈복지의료공단 중앙보훈병원,서울특별시,강동구,"서울특별시 강동구 진황도로61길 53, (둔촌동)",37.5296969,127.1477172
한국원자력의학원원자력병원,서울특별시,노원구,"서울특별시 노원구 노원로 75, 한국원자력의학원 (공릉동)",37.6294332,127.0826468
한림대학교 강남성심병원,서울특별시,영등포구,"서울특별시 영등포구 신길로 1, (대림동, 강남성심병원)",37.4928431,126.9086305
한림대학교 한강성심병원,서울특별시,영등포구,"서울특별시 영등포구 버드나루로7길 12, (영등포동7가, 한강성심병원)",37.523134,126.9096815
한림대학교동탄성심병원,경기도,화성시,"경기도 화성시 큰재봉길 7, (석우동)",37.2166622,127.0800079
한림대학교부속 춘천성심병원,강원도,춘천시,"강원특별자치도 춘천시 삭주로 77- , 77",37.883744,127.7396063
한림병원,인천광역시,인천계양구,"인천광역시 계양구 장제로 722- , (작전동)",37.5239791,126.7332189
한마음병원,제주특별자치도,제주시,"제주특별자치도 제주시 연신로 52- , (이도이동)",33.496662,126.5463418
한양대학교구리병원,경기도,구리시,"경기도 구리시 경춘로 153, (교문동)",37.6012007,127.132449
한일병원,경상남도,진주시,"경상남도 진주시 범골로 17, 한일병원 지하1 1~7층 (충무공동)",35.1667316,128.1286371
해남우리종합병원,전라남도,해남군,"전라남도 해남군 옥천면 해남로 597, (옥천면)",34.5841115,126.6464966
현대병원,경기도,남양주시,"경기도 남양주시 진접읍 봉현로 21, (진접읍)",37.7155057,127.1797196
현대유비스병원,인천광역시,인천미추홀구,"인천광역시 미추홀구 독배로 503-0, 현대유비스병원",37.4614899,126.6429794
홍익병원,서울특별시,양천구,"서울특별시 양천구 목동로 225, 홍익병원본관 (신정동)",37.5284913,126.8636621
홍천아산병원,강원도,홍천군,"강원특별자치도 홍천군 홍천읍 산림공원1길 17, 17",37.6908415,127.8947876
효산의료재단 안양샘병원,경기도,안양만안구,"경기도 안양시 만안구 삼덕로 9, (안양동, 안양샘병원)",37.3934995,126.9245371
효산의료재단 지샘병원,경기도,군포시,"경기도 군포시 군포로 591, (당동, (G샘병원)군포샘병원)",37.3586825,126.9473464
(의)인석의료재단 보람병원,울산광역시,울산남구,"울산광역시 남구 돋질로336번길 10, (삼산동)",35.5424863,129.3410591
(재)예수의꽃동네유지재단 인곡자애병원,충청북도,음성군,"충청북도 음성군 맹동면 꽃동네길 37-0,",36.941431,127.577313
(재)한·호기독교선교회 정관일신기독병원,부산광역시,부산기장군,"부산광역시 기장군 정관읍 정관6로 31, 3-8, 10층",35.3196917,129.1774488
W(더블유)여성병원,인천광역시,인천미추홀구,"인천광역시 미추홀구 인주대로 400, 제일여성병원 2층 일부, 3-5층, 8층 (주안동)",37.4510106,126.6808488
W여성병원,대구광역시,대구수성구,"대구광역시 수성구 화랑로 58, (만촌동)",35.8709473,128.6338885
강남더드림병원,서울특별시,강남구,"서울특별시 강남구 선릉로 404, 더드림병원 (대치동)",37.5009796,127.0509508
개나리소아청소년과병원,부산광역시,부산강서구,"부산광역시 강서구 명지국제8로 269, 유당빌딩 4~5층 (명지동)",35.0981427,128.9224222
거제아동병원,경상남도,거제시,"경상남도 거제시 동문천로 52, (고현동)",34.8828627,128.6262543
거창적십자병원,경상남도,거창군,"경상남도 거창군 거창읍 중앙로 91, (거창읍)",35.6866233,127.9088163
검단위키즈 병원,인천광역시,인천서구,"인천광역시 서구 원당대로 1039, 태경타워 3,4층 전체호 (원당동)",37.5968985,126.7079205
검단조은아이365병원,인천광역시,인천서구,"인천광역시 서구 발산로5번길 12, 인천검단 엔젤리움1차 윈팰리스 6,7층 (원당동)",37.5968985,126.7079205
곽여성병원,경기도,성남수정구,"경기도 성남시 수정구 수정로 91, (태평동)",37.4503222,127.138687
광산수완미래아동병원,광주광역시,광주광산구,"광주광역시 광산구 임방울대로 162, (운남동, 광산미래아동병원)",35.1756009,126.8181083
광산하나아동병원,광주광역시,광주광산구,"광주광역시 광산구 장신로 141, 3~9층 (수완동)",35.1910282,126.8256124
광안자모병원,부산광역시,부산수영구,"부산광역시 수영구 수영로 555, (광안동)",35.1553316,129.1122964
광주동림병원,광주광역시,광주서구,"광주광역시 서구 하남대로 686, (동천동, 동림병원)",35.1715262,126.8677401
광주아주병원,광주광역시,광주북구,"광주광역시 북구 동문대로 208-0,  1동 (각화동,청연병원)",35.180682,126.9305001
광주중앙아동병원,광주광역시,광주광산구,"광주광역시 광산구 목련로 379, (신가동)",35.1824493,126.8319764
괴정어린이병원,부산광역시,부산사하구,"부산광역시 사하구 사하로 188, (괴정동)",35.0985259,128.99419
그레이스병원,경기도,고양일산동구,"경기도 고양시 일산동구 중앙로 1073, (지하2층,지하1층,1층중일부,2~9층)/중앙로1071(1층중 일부, 2~4층) (백석동)",37.6447529,126.7851039
금정어린이병원,부산광역시,부산금정구,"부산광역시 금정구 금정로 244, 2~5층 (구서동)",35.2451253,129.0922148
김포아이제일병원,경기도,김포시,"경기도 김포시 김포한강8로 382, 6,7,8,11층 (구래동)",37.6435774,126.6266402
김해아동병원,경상남도,김해시,"경상남도 김해시 내외중앙로 74, 6,7층 (내동, 밝은메디칼센터)",35.2364427,128.8673635
꿈나무아동병원,경상북도,경산시,"경상북도 경산시 대학로 11,  (중산동)",35.835336,128.7240265
꿈크는아이병원,충청남도,아산시,"충청남도 아산시 배방읍 배방로13번길 13-0, (배방읍)",36.7759697,127.0556735
나리여성병원,경기도,김포시,"경기도 김포시 돌문로 99, 나리병원 (사우동)",37.6219027,126.7127985
나무정원여성병원,경기도,양주시,"경기도 양주시 평화로1489번길 19-11, (덕계동)",37.8227426,127.0484926
남악아동병원,전라남도,무안군,"전라남도 무안군 삼향읍 대죽동로 30, (삼향읍)",34.8112007,126.4644191
누리엘병원,대전광역시,대전동구,"대전광역시 동구 동서대로 1641-0, 아남빌딩2,8~10층",36.348051,127.4325531
다나병원,경상남도,창원진해구,"경상남도 창원시 진해구 진해대로1026번길 4, 더연리지 301,401호 (풍호동)",35.1380525,128.7071357
다산의료소비자생활협동조합정석소아청소년과병원,경기도,남양주시,"경기도 남양주시 진접읍 해밀예당1로 221, 6,7,8층 (지안빌딩)",37.7206486,127.2027215
달서미즈맘병원,대구광역시,대구달서구,"대구광역시 달서구 월배로 62, 미즈맘병원 지하1,2-5,8층 (진천동)",35.8133305,128.5213626
대우아동병원,경상남도,거제시,"경상남도 거제시 옥포대첩로 38, 유라빌딩 2,3,4,6층 (옥포동)",34.8935336,128.6918172
대전세종충남·넥슨후원 공공어린이재활병원,대전광역시,대전서구,"대전광역시 서구 도안중로 133-0, 대전세종충남넥슨후원공공어린이재활병원",36.3126418,127.3453185
대전코젤병원,대전광역시,대전유성구,"대전광역시 유성구 계백로 927-0,  0동 (원내동,코젤랜드)",36.3010323,127.3267594
더 조은병원,경상남도,고성군,"경상남도 고성군 고성읍 동외로 142, (고성읍)",34.97377410000001,128.3263407
더블유여성병원,대전광역시,대전서구,"대전광역시 서구 문정로48번길 70, (탄방동)",36.3436159,127.384078
더블유여성병원,광주광역시,광주광산구,"광주광역시 광산구 임방울대로 331, (수완동)",35.2041066,126.8285641
더프라임병원,경상남도,김해시,"경상남도 김해시 경원로55번길 12, 1층~5층,9층 (내동)",35.2382244,128.8665949
동래아동병원,부산광역시,부산동래구,"부산광역시 동래구 충렬대로 384, (안락동)",35.1970165,129.1001909
동탄성모병원,경기도,화성시,"경기도 화성시 동탄순환대로 127-19, 동탄에스비타운 3(일부),6,7층 (산척동)",37.1674104,127.1071173
두정이진병원,충청남도,천안서북구,"충청남도 천안시 서북구 동서대로 65, (두정동)",36.8260764,127.1305385
로즈마리병원,대구광역시,대구북구,"대구광역시 북구 팔거천동로 215, (동천동)",35.9432158,128.5577786
리베르여성병원,경기도,수원영통구,"경기도 수원시 영통구 삼성로 34, 지하1,지상2~4층 (신동)",37.2445731,127.0579719
맘스여성병원,울산광역시,울산중구,"울산광역시 중구 남외2길 36, (남외동)",35.5668362,129.3508714
맘존여성병원,경상북도,경주시,"경상북도 경주시 원화로 315, (성동동)",35.8461707,129.215876
메디아이여성병원,서울특별시,노원구,"서울특별시 노원구 노원로 448, 메디아여성병원 (상계동)",37.6565187,127.0670261
명지아동병원,부산광역시,부산강서구,"부산광역시 강서구 명지국제8로 240, 402,501,601호 (명지동, 국제메디칼빌딩)",35.0978204,128.91887
모란여성병원,경상남도,창원성산구,"경상남도 창원시 성산구 마디미서로 56, (상남동, 2,3,4,5,6,7,10층)",35.2206221,128.6807042
목동제일여성병원,서울특별시,양천구,"서울특별시 양천구 중앙로 300, (신정동)",37.5230249,126.851818
목포미즈아이병원,전라남도,목포시,"전라남도 목포시 백년대로 418,  (옥암동)",34.8088704,126.432281
목포아동병원,전라남도,목포시,"전라남도 목포시 옥암로 149, (상동)",34.8116816,126.42328
목포한사랑병원,전라남도,목포시,"전라남도 목포시 백년대로 335,  (상동)",34.8057779,126.4236824
목포현대병원,전라남도,목포시,"전라남도 목포시 용당로 322-1,  (용해동)",34.8156776,126.4013456
무지개아동병원,대구광역시,대구북구,"대구광역시 북구 침산로 138, (침산동, 명성프라임)",35.888786,128.5918927
미래로병원,부산광역시,부산북구,"부산광역시 북구 금곡대로 15, (덕천동)",35.21864559999999,129.0191103
미래아동병원,광주광역시,광주남구,"광주광역시 남구 대남대로 131, 광주광역시 남구 대남대로 131 (봉선동)",35.1241181,126.9158525
미래아이병원,부산광역시,부산사하구,"부산광역시 사하구 낙동남로 1388, (하단동)",35.106232,128.966749
미래어린이병원,부산광역시,부산사상구,"부산광역시 사상구 낙동대로 790, 3,4,7층(엄궁동,신우프라자) (엄궁동)",35.1310979,128.9722887
미래여성병원,부산광역시,부산진구,"부산광역시 부산진구 가야대로 459, 지하2~지상10층 (개금동)",35.1536864,129.0223337
미래여성병원,대구광역시,대구달서구,"대구광역시 달서구 와룡로 207-207, (죽전동)",35.8510583,128.5367604
미르아이병원,경상남도,밀양시,"경상남도 밀양시 미리벌중앙로 67, 2~4층 (삼문동)",35.4837274,128.748428
미즈여성아동병원,전라남도,순천시,"전라남도 순천시 조례1길 10-26,  (조례동)",34.9599886,127.5220802
미즈제일여성병원,대전광역시,대전유성구,"대전광역시 유성구 계룡로 126-0,  1~6층 (봉명동)",36.3525229,127.3442047
미즈피아병원,광주광역시,광주서구,"광주광역시 서구 시청로 17, (치평동)",35.1500528,126.8511852
믿음병원,전라북도,김제시,"전북특별자치도 김제시 금성로 90-0,  (신풍동)",35.7991567,126.9000251
바로웰병원,경기도,용인수지구,"경기도 용인시 수지구 현암로 72, 지하1층~4층 (죽전동)",37.331267,127.1171033
바른유병원,경상북도,구미시,"경상북도 구미시 역전로 28,  (원평동)",36.1310899,128.3328051
백두병원,대구광역시,대구달서구,"대구광역시 달서구 월배로 18, (진천동)",35.8113917,128.5177234
베스트아이들병원,경기도,화성시,"경기도 화성시 동탄지성로 20, 2~7층 (반송동)",37.20531039999999,127.072412
봄빛병원,경기도,안양동안구,"경기도 안양시 동안구 평촌대로211번길 26, (호계동)",37.3901966,126.9545218
봉키병원,대전광역시,대전유성구,"대전광역시 유성구 계룡로 120-0,  (봉명동)",36.3526481,127.3437182
봉화해성병원,경상북도,봉화군,"경상북도 봉화군 봉화읍 보밑길 3, (봉화읍)",36.8916368,128.7333168
부산더키즈병원,부산광역시,부산사하구,"부산광역시 사하구 다대로 234, 5,6,8,9층 (장림동)",35.0816615,128.9769189
부산맘아동병원,부산광역시,부산사하구,"부산광역시 사하구 낙동대로 451, 금동빌딩 2,4,5-8층 (하단동)",35.103891,128.9735843
부산아동병원,부산광역시,부산남구,"부산광역시 남구 수영로 228, 3-7층 (대연동)",35.1348426,129.0914603
부천서울어린이병원,경기도,부천원미구,"경기도 부천시 원미구 송내대로265번길 19, 4,5층 (상동, 대신프라자)",37.5064779,126.7578809
북구미래아동병원,광주광역시,광주북구,"광주광역시 북구 설죽로 346, (오치동)",35.1902966,126.8997306
분당제일여성병원,경기도,성남분당구,"경기도 성남시 분당구 서현로180번길 27, 1~6층 (서현동, 분당제일여성병원)",37.38688,127.121804
브이아이씨365병원,경기도,파주시,"경기도 파주시 책향기로 836, 3,4,5층 (와동동)",37.729259,126.7637615
빛고을여성병원,광주광역시,광주북구,"광주광역시 북구 하서로 395, 빛고을 여성병원 2~7층 (양산동)",35.2103021,126.873851
사단법인 부산의료선교회 세계로병원,부산광역시,부산동래구,"부산광역시 동래구 종합운동장로 42, (사직동)",35.1944656,129.064701
사직부산아동병원,부산광역시,부산동래구,"부산광역시 동래구 아시아드대로 186, (사직동)",35.200879,129.0652387
사천서울아동병원,경상남도,사천시,"경상남도 사천시 사천읍 선평길 17, (서울아동병원)",35.0801318,128.0914585
산본제일병원,경기도,군포시,"경기도 군포시 산본로 374, (산본동)",37.3636592,126.9311473
삼성미래여성병원,서울특별시,구로구,"서울특별시 구로구 서해안로 2296, 삼성미래여성병원 (오류동)",37.4912318,126.8404253
삼성미즈병원,충청남도,아산시,"충청남도 아산시 배방읍 희망로46번길 16, 지하1~4층, 지상2~6층,10층",36.7881629,127.1046092
삼성아동병원,경상남도,김해시,"경상남도 김해시 삼계중앙로 36, 6~8층 (삼계동)",35.2602625,128.8689813
삼성합천병원,경상남도,합천군,"경상남도 합천군 합천읍 대야로 876, (합천읍)",35.5664559,128.1633668
삼천포제일병원,경상남도,사천시,"경상남도 사천시 중앙로 136, 삼천포제일병원 (벌리동)",34.9375252,128.0795039
상남한마음병원,경상남도,창원성산구,"경상남도 창원시 성산구 원이대로682번길 21, 상남한마음병원 (상남동)",35.2225967,128.6860886
새봄여성병원,인천광역시,인천부평구,"인천광역시 부평구 마장로 316, (산곡동)",37.5062078,126.7037173
서울라본병원,서울특별시,중랑구,"서울특별시 중랑구 망우로 476, (망우동)",37.600322,127.1050915
서울새싹병원,경상남도,김해시,"경상남도 김해시 율하3로 53, 303,701,703,801호 (율하동)",35.1728095,128.8148368
서울아동병원,충청북도,청주흥덕구,"충청북도 청주시 흥덕구 가로수로 1317-0, 서울아동병원",36.6330111,127.4399002
서울아동병원,경상남도,진주시,"경상남도 진주시 하대로 80, 2층,3층,5층 (하대동, 메디칼팜빌딩)",35.1928948,128.1203805
서울아동병원,경상남도,창원진해구,"경상남도 창원시 진해구 진해대로776번길 27, 4,7,8층 (이동)",35.1561318,128.6984719
서울아동병원,경상남도,통영시,"경상남도 통영시 중앙로 334-1, 4~9층 (무전동)",34.8600843,128.4292012
서울아동병원,경상남도,거제시,"경상남도 거제시 서문로5길 6, (고현동)",34.8893193,128.6210349
서울아동병원,울산광역시,울산남구,"울산광역시 남구 북부순환도로 25, 지하1,2~6층 (무거동)",35.5525082,129.2662
서울아동병원,경상남도,창원마산회원구,"경상남도 창원시 마산회원구 내서읍 삼계로 2, (삼계웰빙프라자빌딩)",35.2323655,128.5044402
서울어린이병원,경기도,오산시,"경기도 오산시 경기대로 209, (원동)",37.1412516,127.082662
서울여성병원,경기도,부천원미구,"경기도 부천시 원미구 길주로 84, 1~7층,8층 일부, 서울여성병원 / 길주로 74 3층 일부 (건강검진센터)  (상동)",37.50524619999999,126.7515889
서울여성병원,대전광역시,대전서구,"대전광역시 서구 문정로 7, (둔산동)",36.3454528,127.3806295
서울특별시어린이병원,서울특별시,서초구,"서울특별시 서초구 헌릉로 260, (내곡동)",37.4554103,127.0692786
서울패미리병원,경상남도,양산시,"경상남도 양산시 물금읍 증산역로 135, 퍼스트조양 6.7층",35.3106196,129.0052989
서울패밀리병원,경상남도,창원성산구,"경상남도 창원시 성산구 마디미서로 54, 서울아동병원(2,7,8,9,11,12층) (상남동)",35.220848,128.680955
서울퍼스트병원,서울특별시,관악구,"서울특별시 관악구 은천로 51, (봉천동, 2,3,4,5,6층)",37.4862469,126.9410887
성북우리아이들병원,서울특별시,성북구,"서울특별시 성북구 동소문로46길 10, (하월곡동)",37.6047727,127.0437748
세웅병원,부산광역시,부산금정구,"부산광역시 금정구 서동로 162, (서동)",35.2143255,129.103738
세인트마리여성병원,경기도,수원권선구,"경기도 수원시 권선구 금곡로197번길 70, 1~5, 9층 (금곡동)",37.2754499,126.9539346
세종여주병원,경기도,여주시,"경기도 여주시 청심로 39, 세종여주병원 (하동)",37.3014355,127.62506
세창의료재단우성여성병원,경기도,안산단원구,"경기도 안산시 단원구 고잔로 58-10, (고잔동)",37.3183671,126.8319892
센텀아동병원,부산광역시,부산해운대구,"부산광역시 해운대구 해운대로 407, 6층 (우동, 신세계프라자)",35.1678439,129.1408189
센트럴아동병원,경기도,화성시,"경기도 화성시 동탄지성로 17, 지하1~2층 일부층 (반송동, 풍성위버폴리스)",37.2046084,127.0720539
솔튼병원,전라남도,목포시,"전라남도 목포시 고하대로 724-0, 솔튼병원",34.8104359,126.3757734
송도미소어린이병원,인천광역시,인천연수구,"인천광역시 연수구 하모니로 158-0, A동 7,8,9층 (송도동,송도타임스페이스)",37.3840794,126.6419098
수성아동병원,대구광역시,대구수성구,"대구광역시 수성구 명덕로 424, (수성동2가)",35.855365,128.6154646
수여성병원,경기도,수원권선구,"경기도 수원시 권선구 서부로 1592, (고색동)",37.25124390000001,126.976208
수영어린이병원,부산광역시,부산수영구,"부산광역시 수영구 수영로 671, 2층~3층 (광안동)",35.1657564,129.1144747
순병원,부산광역시,부산금정구,"부산광역시 금정구 중앙대로 1701, (부곡동)",35.2364702,129.0913915
쉬즈메디병원,경기도,수원팔달구,"경기도 수원시 팔달구 장다리로 288, (인계동)",37.2743183,127.0290607
시온여성병원,경기도,수원영통구,"경기도 수원시 영통구 반달로 107, (영통동)",37.2527315,127.0766373
시지열린아동병원,대구광역시,대구수성구,"대구광역시 수성구 달구벌대로 3188, 4,5층 (신매동, 아레나스포츠센터)",35.8407886,128.7052933
신도시이진병원,충청남도,아산시,"충청남도 아산시 배방읍 희망로46번길 45-9, (정주프라자, 지하1층, 2~5층)",36.7897073,127.1073497
신마산서울아동병원,경상남도,창원마산합포구,"경상남도 창원시 마산합포구 문화동15길 25, (창포동3가, 롯데빌리지)",35.1817671,128.5609396
신세계병원,대구광역시,대구북구,"대구광역시 북구 동북로 196, (산격동)",35.8976305,128.6136535
신여성병원,경기도,의정부시,"경기도 의정부시 시민로 50, (의정부동)",37.7379577,127.0405598
아름드리나무어린이병원,세종특별자치시,세종시,"세종특별자치시 보듬3로 101, 6-7층 (아름동)",36.5113991,127.2484173
아름제일병원,서울특별시,구로구,"서울특별시 구로구 새말로 94, 2~6층, 9층 / 새말로 110 지하1층동 3~6층 (구로동)",37.505465,126.8904607
아이(i)서울병원,부산광역시,부산영도구,"부산광역시 영도구 영선대로 75, 삼호빌딩 (영선동2가)",35.0882639,129.0425915
아이마음아동병원,울산광역시,울산북구,"울산광역시 북구 괴정1길 114, 2,3,4,5층 (매곡동)",35.6425661,129.357502
아이맘아동병원,광주광역시,광주북구,"광주광역시 북구 하서로 400, 2,3,4,5층 (양산동)",35.2105228,126.8745121
아이맘어린이병원,경기도,남양주시,"경기도 남양주시 다산중앙로 105-8, 다산동 3~5층 (다산동)",37.6227133,127.1529014
아이본병원,충청남도,천안서북구,"충청남도 천안시 서북구 불당25로 206, 3,4,5층(외1 불당25로208 4,5층) (불당동)",36.819607,127.1094162
아이사랑병원,부산광역시,부산연제구,"부산광역시 연제구 반송로 28-1, 1층 일부(102호, 104호),2,3,4,5,10층 (연산동)",35.1875562,129.0840695
아이사랑병원,경상남도,김해시,"경상남도 김해시 활천로 22, (삼정동)",35.2295017,128.8940549
아이원병원,경기도,광명시,"경기도 광명시 소하로75번길 10, (소하동, 하나로빌딩)",37.4479192,126.8849798
아이웰어린이병원,충청북도,청주청원구,"충청북도 청주시 청원구 주성로 273-0,  (주성동)",36.6809162,127.503897
아이퍼스트아동병원,광주광역시,광주서구,"광주광역시 서구 상무대로 1129, 2~6층 (농성동)",35.1541215,126.885189
앙즈로여성병원,충청남도,천안서북구,"충청남도 천안시 서북구 불당33길 1, 외1(불당25로104) (불당동)",36.8104656,127.1069594
양덕서울아동병원,경상남도,창원마산회원구,"경상남도 창원시 마산회원구 양덕로 190, (석전동)",35.2342756,128.5804094
양산아이들병원,경상남도,양산시,"경상남도 양산시 물금읍 청운로 354, 아이시티 6~7층",35.3271943,129.0167135
에덴메디여성병원,경기도,수원권선구,"경기도 수원시 권선구 동수원로 220, (권선동)",37.2493465,127.0339972
에덴병원,광주광역시,광주북구,"광주광역시 북구 면앙로170번길 10, (두암동)",35.1755491,126.9298382
에덴어린이병원,부산광역시,부산진구,"부산광역시 부산진구 가야대로 649, 6~15층 (가야동)",35.1561811,129.042618
에이치큐브병원,서울특별시,도봉구,"서울특별시 도봉구 도봉로 604, (창동)",37.65831610000001,127.0410942
엔에이치미래아동병원,전라남도,나주시,"전라남도 나주시 중야2길 29-0,  (빛가람동)",35.0171176,126.784631
엔플러스병원,서울특별시,동대문구,"서울특별시 동대문구 장한로32길 7, 장안동의료시설 (장안동)",37.5754498,127.0725715
엘리움병원,부산광역시,부산해운대구,"부산광역시 해운대구 해운대로 794, 7~8층 (좌동, 삼정엘리움)",35.168811,129.1757572
엠블병원,대전광역시,대전유성구,"대전광역시 유성구 원신흥남로12번길 8-10,  2~7층 (원신흥동,MBL빌딩)",36.3329531,127.3384519
여성메디파크병원,대구광역시,대구수성구,"대구광역시 수성구 동대구로 271, (범어동)",35.8547546,128.6249468
여성아이병원,경상북도,포항북구,"경상북도 포항시 북구 우창동로22번길 7,  (우현동)",36.0542835,129.3623399
여성아이병원,대구광역시,대구달서구,"대구광역시 달서구 월배로 141, (진천동)",35.8160178,128.5297265
여수중앙병원,전라남도,여수시,"전라남도 여수시 둔덕2길 6-3,  (미평동)",34.7673577,127.7021635
연제일신병원,부산광역시,부산연제구,"부산광역시 연제구 고분로 6, (연산동)",35.1856775,129.08288
열린아동병원,대구광역시,대구달서구,"대구광역시 달서구 달구벌대로 1542, 3,4,5층 (감삼동)",35.849514,128.5356997
영덕아산병원,경상북도,영덕군,"경상북도 영덕군 영해면 영덕로 1621, (영해면)",36.5249307,129.4022606
예담소아청소년과병원,경상남도,진주시,"경상남도 진주시 충의로 20-33, 2층 (충무공동)",35.1758876,128.1481717
예사랑아동병원,광주광역시,광주남구,"광주광역시 남구 서문대로 683, (진월동)",35.1200987,126.8985608
예울병원,전라남도,여수시,"전라남도 여수시 신월로 114, (웅천동)",34.7527468,127.686098
온누리아동병원,전라북도,익산시,"전북특별자치도 익산시 동서로 491, (어양동)",35.9526072,126.98719
완도대성병원,전라남도,완도군,"전라남도 완도군 완도읍 청해진동로 63, (완도읍)",34.3171485,126.7356223
용인제일메디병원,경기도,용인처인구,"경기도 용인시 처인구 포곡읍 포곡로210번길 21-11, (포곡읍)",37.274849,127.2286885
우리병원,경상남도,창원진해구,"경상남도 창원시 진해구 용원로 13, 2,3,5층 (용원동)",35.1004964,128.8107939
우리병원,울산광역시,울산울주군,"울산광역시 울주군 언양읍 헌양길 175, (언양읍)",35.5670708,129.1169755
우리아동병원,광주광역시,광주서구,"광주광역시 서구 풍금로 167, (금호동)",35.1308969,126.8592594
우리아이아동병원,대구광역시,대구북구,"대구광역시 북구 동북로 244, 7층,8층 (복현동)",35.8974082,128.6219433
우리여성병원,경상남도,김해시,"경상남도 김해시 내외중앙로 91, (내동)",35.2381729,128.8670194
우리허브병원,대구광역시,대구달성군,"대구광역시 달성군 현풍읍 테크노상업로 30, 3층~7층 일부, 8층, 9층 & 테크노상업로 26, 6~7층",35.6917023,128.452399
우먼피아여성병원,경기도,의정부시,"경기도 의정부시 청사로5번길 16, (신곡동)",37.7488742,127.0700763
운정와이즈병원,경기도,파주시,"경기도 파주시 금바위로 50, 2~7,10,11층 (와동동)",37.7290156,126.7588268
울산미즈병원,울산광역시,울산남구,"울산광역시 남구 남산로 2, (무거동)",35.5522936,129.2709031
울산아동병원,울산광역시,울산북구,"울산광역시 북구 호계로 332-1, (신천동)",35.6321312,129.3522068
울진군의료원,경상북도,울진군,"경상북도 울진군 울진읍 현내항길 71, (울진읍)",36.99259610000001,129.4101778
웅상좋은아이병원,경상남도,양산시,"경상남도 양산시 평산로 12, (평산동)",35.3818046,129.1537819
원흥아이제일병원,경기도,고양덕양구,"경기도 고양시 덕양구 권율대로 685, SIB타워 9,10층 (원흥동)",37.6512381,126.8742109
웰니스어린이병원,충청북도,청주상당구,"충청북도 청주시 상당구 2순환로2031번길 6-20, (방서동)",36.5980519,127.5046984
웰봄병원,경기도,오산시,"경기도 오산시 경기대로 534, 3층 303호, 5~10층 (수청동)",37.1679497,127.0625755
웰키즈아동병원,대구광역시,대구동구,"대구광역시 동구 안심로 389, 3,4,5,6층 (신서동)",35.8708418,128.7265049
웰하이여성아동병원,부산광역시,부산강서구,"부산광역시 강서구 명지오션시티4로 95, 2~8, 10층 일부호 (명지동)",35.0804412,128.9039294
위대한탄생여성병원,부산광역시,부산연제구,"부산광역시 연제구 중앙대로 1083, (연산동, 3~7층, 12층)",35.18485070000001,129.0801511
위드여성병원,울산광역시,울산남구,"울산광역시 남구 남중로 123, (삼산동)",35.5454726,129.3479366
유광사여성병원,서울특별시,강서구,"서울특별시 강서구 강서로 194, (화곡동)",37.5436493,126.8389237
율하꿈나무병원,경상남도,김해시,"경상남도 김해시 율하3로 38, 7,8층 702,801호 (율하동)",35.1713317,128.8142575
을지소아청소년과병원,대전광역시,대전대덕구,"대전광역시 대덕구 송촌북로 60-0, 3~7층 (송촌동,을지소아크리닉)",36.3676298,127.4360817
의료법인 갑을의료재단 갑을녹산병원,부산광역시,부산강서구,"부산광역시 강서구 녹산산단321로 24-8, (송정동)",35.0905349,128.8532227
의료법인 미나의료재단 여수문화병원,전라남도,여수시,"전라남도 여수시 대치3길 26,  (여서동)",34.7457439,127.6993281
의료법인 성심의료재단 양구성심병원,강원도,양구군,"강원특별자치도 양구군 양구읍 중심로 160, 양구성심병원",38.1047489,127.9911699
의료법인 아인의료재단 아인병원,인천광역시,인천미추홀구,"인천광역시 미추홀구 경인로 372, 201동 지하1,지상3~13층 (주안동, 포레나 미추홀)",37.4575876,126.6812196
의료법인 우리아이들 의료재단 우리아이들병원,서울특별시,구로구,"서울특별시 구로구 새말로 15, 2~9층 (구로동, 삼전솔하임)",37.5021971,126.8824818
의료법인 은혜와감사의료재단 향남스마트병원,경기도,화성시,"경기도 화성시 향남읍 상신하길로298번길 11, 6일부,8,9,10층",37.1147786,126.9110286
의료법인 이도의료재단 남해병원,경상남도,남해군,"경상남도 남해군 남해읍 화전로 169, (남해읍)",34.8462935,127.8943751
의료법인 자혜의료재단 영천제이병원,경상북도,영천시,"경상북도 영천시 호국로 145-0, 영천제이병원",35.9767928,128.9531396
의료법인 정민의료재단 보은한양병원,충청북도,보은군,"충청북도 보은군 보은읍 보은로 102-0, (보은읍)",36.4832846,127.718276
의료법인 한미의료재단 김숙자소아청소년병원,충청북도,청주흥덕구,"충청북도 청주시 흥덕구 직지대로 745-0, 김숙자소아.청소년병원",36.6439775,127.4754645
의료법인경동의료재단효성병원,대구광역시,대구수성구,"대구광역시 수성구 수성로 194, 효성병원(본관) (중동)",35.8429994,128.6128651
의료법인남우의료재단 진도전남병원,전라남도,진도군,"전라남도 진도군 진도읍 남문길 12-11, 진도전남병원",34.4792895,126.2651313
의료법인내일의료재단 현대여성아동병원,전라남도,순천시,"전라남도 순천시 장선배기1길 8,  (조례동)",34.953396,127.5226015
의료법인삼정의료재단포항여성병원,경상북도,포항북구,"경상북도 포항시 북구 포스코대로 269, (죽도동)",36.0216921,129.3543185
의료법인상운의료재단동탄제일병원,경기도,화성시,"경기도 화성시 삼성1로 144-6, (석우동)",37.2166668,127.07847
의료법인서전의료재단한사랑병원,경기도,안산상록구,"경기도 안산시 상록구 광덕1로 345, (이동)",37.3070995,126.8484377
의료법인서준의료재단예천권병원,경상북도,예천군,"경상북도 예천군 예천읍 시장로 136, (예천읍)",36.6574129,128.4590448
의료법인승연의료재단 삼천포서울병원,경상남도,사천시,"경상남도 사천시 남일로 33, (동금동)",34.931211,128.0808564
의료법인양진의료재단 성세아이들병원,경기도,평택시,"경기도 평택시 조개터로42번길 61, (합정동)",36.9903914,127.1061751
의료법인에스엠씨의료재단울산세민병원,울산광역시,울산중구,"울산광역시 중구 학성로 184, (학성동)",35.5565696,129.330976
의료법인영제의료재단영남제일병원,경상북도,의성군,"경상북도 의성군 안계면 용기4길 36, (안계면)",36.3891922,128.4342416
의료법인영진의료재단 엠아이병원,경상남도,김해시,"경상남도 김해시 번화1로 36, 501,601,701,801호 (대청동)",35.19075309999999,128.8008799
의료법인해인의료재단 강화병원,인천광역시,인천강화군,"인천광역시 강화군 강화읍 강화대로312번길 11, (강화읍)",37.7433297,126.4953869
이레 아이병원,경상남도,양산시,"경상남도 양산시 물금읍 청운로 185, 504~507, 601~605호",35.3171905,129.0027755
인제고려병원,강원도,인제군,"강원특별자치도 인제군 인제읍 비봉로 19, (인제읍)",38.0677069,128.1735261
인천광역시의료원백령병원,인천광역시,인천옹진군,"인천광역시 옹진군 백령면 백령로 233, 인천광역시의료원 백령병원",37.9684884,124.7237024
일광아동병원,부산광역시,부산기장군,"부산광역시 기장군 일광읍 해빛6로 85-16, 일광청보리더스 6~9층",35.2654216,129.2264573
재)정선의료재단 군립병원,강원도,정선군,"강원특별자치도 정선군 사북읍 지장천로 727- ,",37.2258384,128.826362
전라남도 강진의료원,전라남도,강진군,"전라남도 강진군 강진읍 탐진로 5, (강진읍)",34.6373312,126.7577705
전주다솔아동병원,전라북도,전주완산구,"전북특별자치도 전주시 완산구 우전로 250,  (효자동2가)",35.8171596,127.1022764
정관우리아동병원,부산광역시,부산기장군,"부산광역시 기장군 정관읍 정관중앙로 56, 프라임빌딩",35.3217181,129.1796159
제이여성병원,서울특별시,서대문구,"서울특별시 서대문구 통일로 442, (홍제동, 제이여성병원)",37.5884637,126.9449078
제일병원,경상남도,밀양시,"경상남도 밀양시 노상하4길 4, (내이동)",35.4960404,128.7478023
제일여성병원,부산광역시,부산해운대구,"부산광역시 해운대구 좌동로 66-66, (중동)",35.1707249,129.1731169
제주특별자치도제주의료원,제주특별자치도,제주시,"제주특별자치도 제주시 산천단남길 10, 제주의료원 (아라일동)",33.4449232,126.5607026
조이병원,대전광역시,대전서구,"대전광역시 서구 계룡로553번길 18,  (탄방동)",36.3436561,127.3855518
좋은날에 드라마여성병원,부산광역시,부산동래구,"부산광역시 동래구 충렬대로 449, (안락동, 좋은날에드라마여성병원)",35.1960676,129.1075317
중앙메디컬병원,경상남도,거창군,"경상남도 거창군 거창읍 거창대로1길 7-2, 2~7층",35.6872868,127.9165459
지혜로운아동병원,대구광역시,대구달성군,"대구광역시 달성군 현풍읍 테크노상업로 46, 테크노메디칼센터 3~4층",35.6926089,128.4532876
진안군의료원,전라북도,진안군,"전북특별자치도 진안군 진안읍 진무로 1145-0, (진안읍)",35.7949548,127.4321031
진영새싹병원,경상남도,김해시,"경상남도 김해시 진영읍 본산로 15-17, 굿프라임시티 301,303,304호",35.3066849,128.7365675
진주미래여성병원,경상남도,진주시,"경상남도 진주시 진주대로 957, (강남동)",35.185381,128.0875018
창원더키움병원,경상남도,창원의창구,"경상남도 창원시 의창구 중동중앙로 95, 2층, 3층일부, 5~7층 (중동)",35.2596338,128.628824
창원튼튼i병원,경상남도,창원의창구,"경상남도 창원시 의창구 원이대로 53, (도계동)",35.257676,128.6343917
청라여성병원,인천광역시,인천서구,"인천광역시 서구 중봉대로 602,  2~6,9층 (연희동)",37.5334439,126.6502936
청라연세어린이병원,인천광역시,인천서구,"인천광역시 서구 중봉대로612번길 10-16, (청라동, 마르씨엘)",37.5333816,126.6516009
청라좋은병원,인천광역시,인천서구,"인천광역시 서구 청라에메랄드로 79, 1층 일부층, 2층~4층 (청라동)",37.5323349,126.6557195
청화병원,서울특별시,동작구,"서울특별시 동작구 장승배기로 108, (노량진동)",37.507145,126.9401731
초앤유여성병원,경기도,부천원미구,"경기도 부천시 원미구 중동로248번길 19, (중동)",37.5018911,126.7697673
코젤병원,대전광역시,대전유성구,"대전광역시 유성구 계룡로 150,  6~7층 (봉명동,승호빌딩)",36.3517888,127.3468884
코키아병원,경기도,파주시,"경기도 파주시 청암로17번길 57, 2~5층,7~8층 204~210호,3층,402호~405호,501호,503호,7~8층 (목동동)",37.7292421,126.734506
퀸즈파크여성병원,부산광역시,부산해운대구,"부산광역시 해운대구 해운대로 794, 10~11층 (좌동)",35.168811,129.1757572
키움병원,전라북도,군산시,"전북특별자치도 군산시 궁포안2길 24-0,  2층 (조촌동)",35.9766079,126.7441173
키즈드림아이엠씨병원,전라북도,완주군,"전북특별자치도 완주군 이서면 갈산로 46-0, (이서면)",35.8368512,127.0560545
키즈웰소아청소년과병원,경상남도,창원마산회원구,"경상남도 창원시 마산회원구 용마로 130, 메트로센텀 5,11층 (양덕동)",35.22360380000001,128.586044
탄방엠블병원,대전광역시,대전서구,"대전광역시 서구 문정로48번길 70-0, (탄방동)",36.3436159,127.384078
트리니움여성병원,세종특별자치시,세종시,"세종특별자치시 한누리대로 1934, 메인타워 (반곡동)",36.4915823,127.3034336
튼튼병원,서울특별시,강남구,"서울특별시 강남구 영동대로 713, B1~6층, 7층일부,8층 (청담동)",37.5214129,127.0557153
튼튼소아청소년과병원,경상남도,진주시,"경상남도 진주시 진양호로 206, BYC 진주빌딩 (평거동)",35.1722903,128.0597887
튼튼어린이병원,경기도,의정부시,"경기도 의정부시 평화로 647, 미건메디컬프라자 지하1, 2, 3층 (의정부동)",37.7496269,127.0446275
파주미래아동병원,경기도,파주시,"경기도 파주시 와석순환로 133, 5,6층 (동패동, 형성프라자)",37.7121217,126.7449138
파주시티병원,경기도,파주시,"경기도 파주시 금빛로 19, 파주프라임타워 2~7층 (금촌동)",37.7511377,126.7665299
파티마여성병원,대구광역시,대구수성구,"대구광역시 수성구 달구벌대로 3119, (시지동)",35.84385470000001,128.6950597
평안한사랑병원,경기도,오산시,"경기도 오산시 수목원로 606, 오산세교CL타워 6층 (세교동)",37.1858324,127.0422517
포미즈여성병원,서울특별시,양천구,"서울특별시 양천구 공항대로 610, (목동, 정종일산부인과)",37.5490957,126.8657684
플러스아이미코병원,전라남도,순천시,"전라남도 순천시 신월큰길 7-0,  (조례동)",34.9604428,127.5203484
하나소아청소년과병원,경기도,남양주시,"경기도 남양주시 늘을1로16번길 25, 성보빌딩 4층, 10층층 (호평동)",37.6540729,127.2428996
하나아동병원,광주광역시,광주광산구,"광주광역시 광산구 임방울대로 784, (월계동)",35.2106051,126.8325242
한강아이제일병원,경기도,김포시,"경기도 김포시 김포한강11로 133, 중앙프라자 2,3,5층 (운양동)",37.6457394,126.6814105
한나병원,부산광역시,부산수영구,"부산광역시 수영구 황령대로481번길 7, (남천동)",35.1392595,129.107038
한마음병원,광주광역시,광주광산구,"광주광역시 광산구 송도로 160, 3,4층 (도산동)",35.1287753,126.7929704
한빛아동병원,경상북도,경주시,"경상북도 경주시 용담로 34,  (황성동)",35.8627857,129.2151745
한빛여성병원,경기도,안산단원구,"경기도 안산시 단원구 광덕동로 53, / (별관)광덕2로 194-7, 4층(고잔동) (고잔동)",37.3091467,126.8322877
한신병원,대구광역시,대구서구,"대구광역시 서구 서대구로 60, (내당동)",35.8634276,128.5566595
한영한마음아동병원,대구광역시,대구남구,"대구광역시 남구 월배로 468, (대명동)",35.8346386,128.5559905
함양성심병원,경상남도,함양군,"경상남도 함양군 함양읍 고운로 70, (함양읍)",35.5204464,127.7292946
해운대푸른바다어린이병원,부산광역시,부산해운대구,"부산광역시 해운대구 좌동순환로 505, 센트럴메디타워 3층일부, 11층일부, 12.13층,205호~208호 (중동)",35.1656667,129.1682245
해피아이병원,대구광역시,대구북구,"대구광역시 북구 팔거천동로 213, 3층~6층 (동천동)",35.94298879999999,128.5577354
햇빛병원,서울특별시,강북구,"서울특별시 강북구 도봉로 74, (미아동)",37.6157301,127.0302217
햇살아동병원,울산광역시,울산울주군,"울산광역시 울주군 범서읍 천상중앙길 80, (범서읍)",35.5630974,129.2277355
행복한 병원,대구광역시,대구달성군,"대구광역시 달성군 유가읍 테크노순환로12길 4, 1층,4~6층(1층 사우나홀,113~117호,119~120호,405~407호,5층,601~607호",35.6931785,128.4687716
행복한어린이병원,부산광역시,부산강서구,"부산광역시 강서구 명지국제1로 25, 우진메디컬프라 8~10층 (명지동)",35.0913053,128.9033634
허유재병원,경기도,고양일산동구,"경기도 고양시 일산동구 중앙로 1317, 지하1층~5층,6층 일부, 8층 (장항동)",37.6629156,126.7699606
호산여성병원,서울특별시,강남구,"서울특별시 강남구 언주로 871, 호산병원 (신사동)",37.5283983,127.0332539
화명일신기독병원(재단법인 한.호기독교선교회),부산광역시,부산북구,"부산광역시 북구 금곡대로 264, (화명동)",35.2318466,129.0136506
화성디에스병원,경기도,화성시,"경기도 화성시 남양읍 시청로160번길 46-13, 1,3~8층",37.1992209,126.825716
화성유일병원,경기도,화성시,"경기도 화성시 남양읍 남양로920번길 6, (남양읍)",37.2177911,126.8326007
화정아동병원,광주광역시,광주서구,"광주광역시 서구 화운로 129, 2~5층 (화정동)",35.1505364,126.8776153
히즈메디병원,경기도,김포시,"경기도 김포시 김포대로 681, (풍무동)",37.6034723,126.7135965
(의)영님의료재단 개금중앙요양병원,부산광역시,부산진구,"부산광역시 부산진구 개금온정로 5, 지하1,지상3층 (개금동, 성원상떼뷰)",35.153768,129.0247612
가야이요양병원,경상북도,성주군,"경상북도 성주군 성주읍 주산로 183, (성주읍)",35.9332883,128.3038691
가온요양병원,인천광역시,인천남동구,"인천광역시 남동구 남동대로 797, 가온 요양병원 (구월동)",37.4535504,126.7077855
경기도립노인전문여주병원,경기도,여주시,"경기도 여주시 북내면 도예로 361-14, (북내면)",37.3248416,127.6694744
고려대련요양병원,경상북도,포항북구,"경상북도 포항시 북구 흥해읍 새마을로 318-12, (흥해읍)",36.045952,129.3309519
남궁요양병원,충청북도,청주상당구,"충청북도 청주시 상당구 상당로 47-0,  (남문로2가)",36.6329072,127.4898306
네이처요양병원,서울특별시,강남구,"서울특별시 강남구 헌릉로569길 21-40, 지하3~4층, 지하2층일부, 지하1층일부, 지상1층일부, 지상2~8층 (세곡동)",37.466409,127.0997399
노블요양병원,전라남도,나주시,"전라남도 나주시 남평읍 세남로 1566-3, (남평읍)",35.0276404,126.8339854
다나힐요양병원,충청남도,천안서북구,"충청남도 천안시 서북구 직산읍 석양길 4, (직산읍)",36.8855391,127.1076059
동해이레요양병원,강원도,동해시,"강원특별자치도 동해시 덕골길 76-40,  (천곡동)",37.5179413,129.0969749
로젠요양병원,경기도,동두천시,"경기도 동두천시 삼육사로 1012, (생연동)",37.899301,127.0628982
메트로요양병원,경상남도,창원진해구,"경상남도 창원시 진해구 용원로 37, (용원동, 블루마운틴)",35.0999774,128.8133873
목포더좋은요양병원,전라남도,목포시,"전라남도 목포시 용당로 334-0,  (용해동)",34.8084681,126.3996198
문막요양병원,강원도,원주시,"강원특별자치도 원주시 문막읍 문막시장1길 16-0, (문막읍)",37.3077883,127.8170727
백재활요양병원,전라남도,화순군,"전라남도 화순군 화순읍 대교로 147-10, (화순읍)",35.0637257,126.9963607
부산노인전문제4병원,부산광역시,부산사하구,"부산광역시 사하구 동매로44번길 4, (하단동)",35.1023812,128.9630421
사직요양병원,부산광역시,부산동래구,"부산광역시 동래구 충렬대로 97, (온천동)",35.2073381,129.0718335
샘고을요양병원,전라북도,정읍시,"전북특별자치도 정읍시 정읍북로 42-54,  1동 (구룡동,샘고을요양병원)",35.5689881,126.8657737
성로요양병원,인천광역시,인천계양구,"인천광역시 계양구 아나지로 378, (작전동)",37.5250972,126.7341
세나요양병원,울산광역시,울산북구,"울산광역시 북구 호계로 296, (호계동, 세나병원)",35.6294774,129.3514281
센트럴요양병원,대구광역시,대구북구,"대구광역시 북구 연암로 111, 지하1층,지상1~6층 (산격동)",35.8942136,128.594181
시민요양병원,대전광역시,대전중구,"대전광역시 중구 보문산로 359, (문화동)",36.3141392,127.4156657
실로암병원,전라북도,완주군,"전북특별자치도 완주군 용진읍 완주로 806-6, (용진읍)",35.9328906,127.1739328
아중요양병원,전라북도,전주덕진구,"전북특별자치도 전주시 덕진구 아중로 223-0,  (우아동2가)",35.8290709,127.1734895
엔젤의료재단 엔젤요양병원,전라북도,익산시,"전북특별자치도 익산시 함열읍 익산대로 1493-1, (함열읍)",36.0528386,126.960666
엠마우스요양병원,경상남도,진주시,"경상남도 진주시 남강로 25, (평거동, 엠마우스요양병원)",35.1662075,128.0408419
우리행복요양병원,부산광역시,부산연제구,"부산광역시 연제구 과정로 130, (연산동, 1층(일부제외)∼8층)",35.1830448,129.1074349
의료법인 덕수의료재단 성주효요양병원,경상북도,성주군,"경상북도 성주군 성주읍 성주순환로 239, (성주읍)",35.922137,128.2918302
의료법인 온그룹의료재단 온요양병원,부산광역시,부산진구,"부산광역시 부산진구 가야대로 721, 신관 8층 일부, 9~14층 전부, 15층 일부, 16층 전부, 본관 12층 일부 (당감동)",35.1579616,129.0497976
의료법인 자은의료재단 덕산요양병원,경상남도,창원의창구,"경상남도 창원시 의창구 동읍 의창대로 882, (동읍)",35.2783709,128.6871147
의료법인 정다운의료재단 나진요양병원,대전광역시,대전서구,"대전광역시 서구 갈마로 122- ,  (괴정동)",36.3404131,127.3770749
의료법인 청남의료재단  세민에스요양병원,울산광역시,울산중구,"울산광역시 중구 내황4길 11, (반구동)",35.5527761,129.3416791
의료법인건강나라의료재단 건강나라요양병원,전라북도,전주완산구,"전북특별자치도 전주시 완산구 맏내로 114, (평화동2가)",35.7905633,127.1292696
의료법인경북의료재단 길주요양병원,경상북도,안동시,"경상북도 안동시 경동로 1289,  (송천동)",36.5508347,128.7827235
의료법인다원의료재단 진접제일요양병원,경기도,남양주시,"경기도 남양주시 진접읍 광릉내로 99, (진접제일요양병원)",37.7462674,127.2045821
의료법인다평의료재단 센텀휴요양병원,부산광역시,부산사하구,"부산광역시 사하구 다대로277번길 31, (장림동)",35.0768718,128.9790244
의료법인승도의료재단메트로요양병원,경상남도,창원마산회원구,"경상남도 창원시 마산회원구 3·15대로 597, (석전동)",35.2274351,128.5734831
의료법인운하의료재단 포항요양병원,경상북도,포항북구,"경상북도 포항시 북구 흥해읍 칠포로 58, (흥해읍)",36.1286376,129.3698231
의료법인포항삼광의료재단 드림요양병원,경상북도,포항북구,"경상북도 포항시 북구 동빈로 9,  (중앙동)",36.0375696,129.3685926
의료법인해림의료재단 부산금사요양병원,부산광역시,부산금정구,"부산광역시 금정구 반송로 470, 2~7층 (금사동)",35.2155525,129.1152377
의료법인효천의료재단 팔공요양병원,경상북도,칠곡군,"경상북도 칠곡군 동명면 기성3길 41, (동명면)",36.0029559,128.5984603
이편안인천요양병원,인천광역시,인천남동구,"인천광역시 남동구 앵고개로948번길 4, 서울프라자 2~6층 (논현동)",37.4025314,126.7356893
일곡양지요양병원,광주광역시,광주북구,"광주광역시 북구 우치로422번길 32, 지1.1-4층 (삼각동, 양지병원)",35.2050957,126.9020528
장성공립노인전문요양병원,전라남도,장성군,"전라남도 장성군 장성읍 강변안길 100, (장성읍)",35.3023585,126.7774237
재단법인 천주교 전주교구 유지재단 익산성모병원,전라북도,익산시,"전북특별자치도 익산시 동서로 309,  (영등동)",35.9560963,126.9695672
참요양병원,부산광역시,부산진구,"부산광역시 부산진구 가야대로 451, 6,7,8층 (개금동)",35.1535958,129.0216828
천안요양병원,충청남도,천안동남구,"충청남도 천안시 동남구 삼룡천3길 10, (구성동, 이라의료재단 천안병원)",36.7909231,127.1639376
청담요양병원,경상남도,김해시,"경상남도 김해시 진영읍 김해대로 132-1, (진영읍)",35.2990318,128.7101411
청풍호노인사랑병원,충청북도,제천시,"충청북도 제천시 금성면 청풍호로 1147-0, (금성면)",37.05881979999999,128.1749506
큰우리요양병원,대전광역시,대전유성구,"대전광역시 유성구 학하서로 99-0,  (덕명동)",36.3464448,127.2988161
파주로하스요양병원,경기도,파주시,"경기도 파주시 숲속노을로 273, 바이오텍홀딩스 1~7층 (문발동)",37.7248305,126.7109781
팔달요양병원,대구광역시,대구서구,"대구광역시 서구 팔달로 152, 7~12층 (비산동)",35.8888343,128.5664441
푸르메재단 넥슨어린이재활병원,서울특별시,마포구,"서울특별시 마포구 월드컵북로 494, 지하1층~7층 (상암동, 푸르메재단넥슨어린이재활병원)",37.5846925,126.8805399
한서요양병원,전라북도,정읍시,"전북특별자치도 정읍시 월천안길 14, (하모동)",35.5717392,126.8344882
한솔요양병원,대구광역시,대구북구,"대구광역시 북구 침산로 167, (침산동)",35.8907876,128.5901397
화순베스트요양병원,전라남도,화순군,"전라남도 화순군 화순읍 칠충로 101, (화순읍)",35.0586308,126.9811466
효다움요양병원,광주광역시,광주남구,"광주광역시 남구 송암로98번길 36-10, (송하동)",35.1159349,126.8772112
국립부곡병원,경상남도,창녕군,"경상남도 창녕군 부곡면 부곡로 145, (부곡면)",35.4353713,128.6127559
의료법인 민현의료재단 미래로병원,경상북도,구미시,"경상북도 구미시 여헌로 30,  (인의동)",36.1040981,128.4254294
전북특별자치도마음사랑병원,전라북도,완주군,"전북특별자치도 완주군 소양면 소양로 465-23, (소양면)",35.8605124,127.2556146
한서중앙병원,경기도,의정부시,"경기도 의정부시 평화로 447, (의정부동)",37.7318779,127.0477173
곡성군보건의료원,전라남도,곡성군,"전라남도 곡성군 곡성읍 곡성로 854, (곡성읍)",35.2788469,127.2969831
구례군보건의료원,전라남도,구례군,"전라남도 구례군 구례읍 동편제길 30, (구례읍)",35.215982,127.4613974
무주군보건의료원,전라북도,무주군,"전북특별자치도 무주군 무주읍 한풍루로 413, (무주읍)",36.0056393,127.6717137
산청군보건의료원,경상남도,산청군,"경상남도 산청군 산청읍 중앙로 97, (산청읍)",35.4160077,127.8840663
순창군보건의료원,전라북도,순창군,"전북특별자치도 순창군 순창읍 교성로 135, (순창군보건의료원)",35.36688669999999,127.1440398
연천군보건의료원,경기도,연천군,"경기도 연천군 전곡읍 은대성로 95, (전곡읍)",38.023308,127.0606768
울릉군보건의료원,경상북도,울릉군,"경상북도 울릉군 울릉읍 울릉순환로 396-18, (울릉읍)",37.489517,130.8981588
임실군보건의료원,전라북도,임실군,"전북특별자치도 임실군 임실읍 호국로 1680-1680, 1680",35.6127039,127.2870672
장수군보건의료원,전라북도,장수군,"전북특별자치도 장수군 장수읍 장천로 247, (장수읍)",35.654323,127.5198368
청송군보건의료원,경상북도,청송군,"경상북도 청송군 청송읍 의료원길 19, 19",36.4309467,129.0526462
청양군보건의료원,충청남도,청양군,"충청남도 청양군 청양읍 칠갑산로7길 54, (청양읍)",36.4551742,126.8046377
태안군보건의료원,충청남도,태안군,"충청남도 태안군 태안읍 서해로 1952-16, (태안읍)",36.75214649999999,126.3228998
평창군보건의료원,강원도,평창군,"강원특별자치도 평창군 평창읍 노성로 11, (평창읍)",37.3690347,128.3907136
화천군보건의료원,강원도,화천군,"강원특별자치도 화천군 화천읍 강변로 111, (화천읍)",38.1075716,127.7091471
다래한방병원,경기도,화성시,"경기도 화성시 향남읍 상신하길로298번길 7-29, 4층",37.1143572,126.9125955
마디한방병원,전라북도,익산시,"전북특별자치도 익산시 인북로 305-0,  (남중동)",35.948779,126.952711
오늘한방병원,대전광역시,대전유성구,"대전광역시 유성구 계룡로 142-0, 2~3층 (봉명동)",36.3519942,127.3461496
은평포레스트한방병원,서울특별시,은평구,"서울특별시 은평구 통일로 636, 은평 미드스퀘어 4,5층 (녹번동)",37.6035543,126.9352994
이안한방병원,경기도,오산시,"경기도 오산시 대원로 30, 4층,5층,6층 (원동)",37.1412516,127.082662
